tree
version=v4
num_class=1
num_tree_per_iteration=1
label_index=0
max_feature_idx=48
objective=lambdarank
feature_names=title_word title_word_relative title_bm25 title_bm25_relative title_char title_char_relative desc_bm25 desc_bm25_relative params params_relative expansion expansion_relative base base_relative expanded_base expanded_base_relative fusion same_location distance_log category_match micro_probability micro_lift history_similarity history_clicks popularity location_count location_probability title_coverage title_filter_coverage title_phrase title_length desc_coverage desc_filter_coverage desc_phrase desc_length params_coverage params_filter_coverage params_phrase params_length query_words query_chars filter_words delivery item_price item_rating_reviews_count item_rating item_is_phone_hidden item_is_message_forbidden rating_filter_pass
feature_infos=[0:1.0000001192092896] [0:1] [0:1.5820358991622925] [0:1] [0:1.0000002384185791] [0:1] [0:2.1630878448486328] [0:1] [0:1] [0:1] [0:1] [0:1] [0:1.2545508146286011] [0:1] [0:1.0725504159927368] [0:1] [0:0.40000000596046448] [0:1] [0:9.9035377502441406] [0:1] [0:1.0000002384185791] [0:50.483665466308594] [0:1] [0:1.8808512687683105] [0:5.159055233001709] [0:10.35752010345459] [0:1] [0:1] [0:0.75] [0:1] [1.3862943649291992:4.499809741973877] [0:1] [0:1] [0:1] [0:8.6459379196166992] [0:1] [0:1] [0:1] [2.3025851249694824:7.8909568786621094] [1:8] [3:65] [0:22] none [0:27.379707336425781] [0:9.8142194747924805] [0:5] [0:1] [0:1] [0:1]
tree_sizes=2688 2694 2704 2688 2689 2705 2686 2687 2710 2706 2696 2705 2693 2692 2682 2701 2710 2687 2709 2685 2704 2693 2699 2691 2709 2696 2692 2717 2704 2696 2705 2704 2704 2697 2707 2694 2704 2703 2702 2703 2713 2706 2705 2699 2696 2703 2691 2701 2697 2700 2687 2710 2701 2713 2695 2707 2690 2710 2703 2703 2704 2707 2707 2713 2708 2706 2703 2696 2709 2700 2705 2683 2712 2715 2705 2685 2691 2701 2712 2692 2703 2702 2696 2706 2690 2706 2702 2697 2712 2701 2704 2707 2696 2709 2700 2710 2686 2704 2716 2697 2691 2716 2714 2706 2714 2703 2700 2712 2707 2712 2718 2693 2721 2708 2718 2711 2715 2719

Tree=0
num_leaves=23
num_cat=0
split_feature=15 26 16 15 26 16 23 16 31 31 16 18 26 26 12 31 40 21 16 15 25 25
split_gain=12845.4 1534.29 958.779 728.455 365.623 235.961 228.185 206.332 139.988 147.131 78.5465 74.4986 61.3049 59.38 61.3981 46.2349 40.0112 38.19 34.0021 25.618 25.4765 26.8967
threshold=0.44170375168323522 0.0015408343751914801 1.0000000180025095e-35 0.25982768833637243 0.0027607465162873272 0.17207926511764529 1.0000000180025095e-35 0.13640753924846652 0.77500000596046459 0.22500000149011615 0.056944392621517188 5.9854507446289071 0.0022949549602344636 0.007180039770901204 0.13228599727153781 0.63333335518836986 25.500000000000004 0.15643163025379184 0.13640753924846652 0.19427161663770678 7.2885832786560067 4.7706487178802499
decision_type=2 2 2 2 2 2 2 2 2 2 2 2 2 2 2 2 2 2 2 2 2 2
left_child=2 5 6 12 18 11 -1 13 9 -6 -11 -2 -4 -3 -15 -16 -7 -12 -5 -14 21 -21
right_child=1 7 3 4 8 16 -8 -9 -10 10 17 -13 19 14 15 -17 -18 -19 -20 20 -22 -23
leaf_value=0.0856462354325606 0.030154422418430627 -0.016434424690631791 -0.0878168823771521 -0.081651303385772159 0.036595704571395979 0.041524090318735524 -0.058046130899135254 0.084966029091573678 0.053800804982797858 -0.058332700796251705 -0.039444165821607348 -0.077729882207214981 -0.074839895590255168 0.067811390862756407 -0.00071665019483009801 0.049076599111001908 -0.035287082893735035 0.013490527910541689 -0.024254757492782414 -0.044351561459578484 -0.062089808573382678 0.018521621805857782
leaf_weight=98.358827292919159 11.555497426306827 24.11282409731939 1580.3540959816492 171.26391503321065 82.728931094363361 59.554539125674637 24.749005520869105 2138.7390457036963 74.448327248435817 109.64083713710716 37.341109456916456 151.4932684274936 504.40016565215774 236.30550566175953 61.425653148748097 92.43577618684867 13.32916458765976 74.635202776065853 29.719157305764384 29.489281276481051 104.54062334466289 19.269744125020225
leaf_count=129 2164 8726 760684 92345 18501 6648 11133 35644 8663 59150 16913 76613 283432 18251 21698 13011 3384 17944 9361 14539 57568 4514
internal_value=8.6343e-12 0.0691253 -0.065559 -0.0709424 -0.0257064 -0.0399747 0.055621 0.079266 0.00052577 -0.0131652 -0.0321383 -0.0694143 -0.0825775 0.0491772 0.0533888 0.0298009 0.0261131 -0.00509324 -0.0739589 -0.0694205 -0.0497885 -0.0200922
internal_weight=5729.89 2788.95 2940.94 2817.83 579.777 235.932 123.108 2553.02 378.794 304.346 221.617 163.049 2238.05 414.28 390.167 153.861 72.8837 111.976 200.983 657.7 153.3 48.759
internal_count=1541015 186139 1354876 1343614 222877 88809 11262 97330 121171 112508 94007 78777 1120737 61686 52960 34709 10032 34857 101706 360053 76621 19053
is_linear=0
shrinkage=0.045


Tree=1
num_leaves=23
num_cat=0
split_feature=15 16 15 15 24 25 24 25 31 23 31 34 7 15 34 18 25 9 18 20 25 21
split_gain=21059.5 3762.18 2912.62 2828.2 1113.27 846.911 484.574 482.036 458.99 432.696 249.484 260.386 247.121 207.423 184.804 178.51 166.142 156.425 148.642 130.514 96.5715 188.071
threshold=0.5674533247947694 1.0000000180025095e-35 0.25982768833637243 0.8972897231578828 1.0000000180025095e-35 0.89587974548339855 1.0000000180025095e-35 1.2424533367156985 0.73214286565780651 1.0000000180025095e-35 0.84523808956146251 5.2176458835601816 0.22098675370216372 0.96491318941116344 6.9464950561523446 5.6046395301818857 1.7005987167358401 0.3296975195407868 3.5110765695571904 0.74776315689086925 3.5114340782165532 0.035859528928995139
decision_type=2 2 2 2 2 2 2 2 2 2 2 2 2 2 2 2 2 2 2 2 2 2
left_child=1 9 20 4 7 18 10 15 12 -1 11 -7 -9 -5 -14 -2 -6 -13 -4 -19 -3 -22
right_child=3 2 5 13 16 6 -8 8 -10 -11 -12 17 14 -15 -16 -17 -18 19 -20 -21 21 -23
leaf_value=0.084454036638626981 0.021777158966244652 -0.080763060134851059 0.025630230246102805 0.049537971407256999 -0.017157285462790207 0.013022064055126977 0.027368162542440889 0.029081831015785743 0.034258135379859785 -0.04264171606457285 0.011957382250609447 -0.046791252748265108 -0.00055912775292338648 0.076856894239457643 -0.038160008488112448 -0.065738707145151315 0.059307598123440448 0.012381863299348088 -0.071969789561944886 -0.048194971996893612 -0.077223219779148422 -0.041060021659094233
leaf_weight=446.0003325343132 56.447754718115903 3850.7337915253229 30.919001260190271 699.34815330000129 58.149478949810145 247.68322942842497 559.64567979174899 354.40256126188615 1129.150532211992 58.575398496715934 381.60873200782225 900.32026560476152 764.30059132665338 3968.3067720887484 400.04739166835498 229.76019872061443 1287.9524074264555 197.61942851448839 612.67085476839929 107.02347403846215 969.8017477366302 444.90143395695486
leaf_count=159 1078 806157 1897 6044 5885 13126 27213 4884 11895 11406 14590 103298 13824 5925 12002 38816 7979 11073 117498 11686 226424 88156
internal_value=-5.37629e-10 -0.0493834 -0.0566409 0.0486091 0.0221513 -0.0215014 -0.00912277 0.00657497 0.0125972 0.0694261 -0.0203006 -0.0287867 -0.00356664 0.0728211 -0.013586 -0.0484007 0.0559532 -0.0373989 -0.0671195 -0.00933386 -0.0768724 -0.0660351
internal_weight=17755.4 8807.5 8302.93 8947.87 4280.21 3037.49 2393.9 2934.11 2647.9 504.576 1834.26 1452.65 1518.75 4667.65 1164.35 286.208 1346.1 1204.96 643.59 304.643 5265.44 1414.7
internal_count=1541015 1432683 1421118 108332 96363 300381 180986 82499 42605 11565 153773 139183 30710 11969 25826 39894 13864 126057 119395 22759 1120737 314580
is_linear=0
shrinkage=0.045


Tree=2
num_leaves=23
num_cat=0
split_feature=15 16 26 16 15 23 26 18 2 27 13 16 16 7 21 2 16 16 20 14 26 26
split_gain=26522.4 2967.85 2816.28 1195.58 1194.12 602.815 562.982 438.137 199.93 197.798 186.693 184.001 183.198 199.794 120.248 113.176 110.615 108.589 99.126 98.9995 125.404 92.3347
threshold=0.44948332011699682 1.0000000180025095e-35 0.0007622061821166427 0.16650500148534778 0.27965581417083746 1.0000000180025095e-35 0.0027607465162873272 5.9854507446289071 0.082751579582691207 0.84523808956146251 0.95880207419395458 0.041478700935840614 1.0000000180025095e-35 0.58399230241775524 0.37327508628368383 0.050169499590992934 0.054544549435377128 0.065025351941585555 0.0023157780524343257 0.059651866555213935 0.61475160717964183 0.0026560471160337333
decision_type=2 2 2 2 2 2 2 2 2 2 2 2 2 2 2 2 2 2 2 2 2 2
left_child=1 5 7 8 21 -1 -6 -2 16 -9 -5 19 -10 14 -14 -13 -4 -16 -17 20 -8 -3
right_child=2 4 3 10 6 -7 11 9 12 -11 -12 15 13 -15 17 18 -18 -19 -20 -21 -22 -23
leaf_value=0.078464358823651659 0.040989746021499407 -0.076751951312784061 0.0080071772754678142 0.057056025178776608 -0.069516370297864255 -0.061638258855310997 -0.038748203022812996 -0.072334809428143299 0.074954470211482438 0.002806667277114561 0.072025507981776635 0.018036207088762867 -0.069561255165557112 0.028068111327905765 -0.034154136837755811 -0.057422908965998241 0.051269522975386776 0.01102738888014404 -0.0043743159236712169 -0.052925245234263771 0.048909171836004954 -0.064558636625926299
leaf_weight=369.59445464611053 101.39317415363621 4303.7859106441465 149.31332049629418 3226.7903650696098 504.65771812621824 70.688885608804412 80.168122844173922 422.27850235885126 87.187279608217068 84.624031173822004 3969.0043984399817 366.36395410443947 56.41449263333925 544.91883962115389 150.06873501098016 86.834099668281851 643.13660880480893 347.96826028829673 323.84038445758051 267.38435701586423 49.046018565946724 2147.5500386371568
leaf_count=132 2639 782038 7903 21738 87521 11150 9983 73509 172 5280 4238 17822 7160 16753 15788 12086 9588 15554 20831 42803 1520 374807
internal_value=-1.66457e-09 -0.0577805 0.0506189 0.0568375 -0.0639475 0.0555309 -0.0300103 -0.0428742 0.0257732 -0.0598855 0.0653571 -0.0128 0.0139893 0.00883688 -0.0101456 -1.76918e-05 0.0432194 -0.00279089 -0.0161468 -0.0375319 -0.00489342 -0.0727461
internal_weight=18353 8569.91 9783.1 9174.8 8129.63 440.283 1678.29 608.296 1979.01 506.903 7195.79 1173.64 1186.56 1099.37 554.451 777.038 792.45 498.037 410.674 396.598 129.214 6451.34
internal_count=1541015 1360693 180322 98894 1349411 11282 192566 81428 72918 78789 25976 105045 55427 55255 38502 50739 17491 31342 32917 54306 11503 1156845
is_linear=0
shrinkage=0.045


Tree=3
num_leaves=23
num_cat=0
split_feature=15 16 26 15 15 16 23 26 31 31 31 34 18 16 26 27 16 14 16 15 16 16
split_gain=23055 2652.35 2513.16 1035.44 895.221 580.56 512.107 500.117 234.17 222.258 220.175 175.985 170.747 104.88 100.265 122.759 99.9071 138.979 99.37 88.4445 85.3276 71.3056
threshold=0.44948332011699682 1.0000000180025095e-35 0.0054024867713451394 0.25982768833637243 0.76443013548851024 0.11143008992075921 1.0000000180025095e-35 0.0027607465162873272 0.77500000596046459 0.22500000149011615 0.92857143282890331 6.4289124011993417 5.8277950286865243 0.19973536580801013 0.0007622061821166427 0.84523808956146251 0.065025351941585555 0.080524399876594557 0.056944392621517188 0.96491318941116344 1.0000000180025095e-35 1.0000000180025095e-35
decision_type=2 2 2 2 2 2 2 2 2 2 2 2 2 2 2 2 2 2 2 2 2 2
left_child=1 6 5 -3 10 20 -1 -5 9 16 11 -4 -7 21 15 -14 17 -9 -11 -6 -2 -13
right_child=2 3 4 7 19 12 -8 8 -10 18 -12 13 14 -15 -16 -17 -18 -19 -20 -21 -22 -23
leaf_value=0.074400352323047717 0.037568475585421028 -0.069800498985979398 0.03789588577698904 -0.06520492559790167 0.055477689836438693 0.049674391460473942 -0.057255174689226411 0.030042468608452048 0.024530672791645523 -0.057421608158150617 0.049602098124557743 0.061201823458039137 -0.060866570643113571 0.035406380492229085 0.017523237336874747 0.013700423333984182 0.037920096091157283 -0.047884206906357224 -0.023047954073783971 0.067792451912528251 -0.068033590477781292 -0.003480245751747023
leaf_weight=363.53298032283783 13.106577650061807 6057.3234790654969 815.79296092281584 588.04489284416195 1911.2038578757492 139.34083059564 67.583014729432762 78.429036468267441 241.13665522792144 305.35359590200824 993.47303000109969 31.470374208118301 106.97785679221852 221.66363377618836 153.65550653234823 71.836258158204146 124.40366399240156 100.03390040560043 403.80864797189133 4195.0363190234639 394.42850750550861 638.01115744491108
leaf_count=132 426 1120737 18452 104335 13190 1724 11150 3463 9021 60342 10419 64 14953 2679 3229 3027 3709 11692 36112 4220 72498 35441
internal_value=-2.8939e-10 -0.054877 0.0471965 -0.0608138 0.0544379 -0.0252245 0.0533418 -0.0311399 -0.0149594 -0.024443 0.0327679 0.0228538 0.00878165 0.00894895 -0.0088389 -0.0313524 0.00774345 -0.0137524 -0.0381471 0.0639866 -0.0642232 -8.57465e-06
internal_weight=18015.6 8329.65 9686 7898.53 8806.65 879.346 431.116 1841.21 1253.17 1012.03 2700.41 1706.94 471.81 891.145 332.47 178.814 302.867 178.463 709.162 6106.24 407.535 669.482
internal_count=1541015 1360693 180322 1349411 84465 95857 11282 228674 124339 115318 67055 56636 22933 38184 21209 17980 18864 15155 96454 17410 72924 35505
is_linear=0
shrinkage=0.045


Tree=4
num_leaves=23
num_cat=0
split_feature=15 16 26 15 26 16 23 16 0 16 31 15 31 34 25 26 9 26 21 16 16 34
split_gain=20834.3 2523.76 1826.14 1412.59 580.462 557.615 473.856 385.707 208.136 199.132 150.559 112.355 107.359 183.361 87.985 126.703 87.8427 70.0567 117.087 74.2005 70.0275 68.6678
threshold=0.50348442792892467 1.0000000180025095e-35 0.002855921746231616 0.27965581417083746 0.0015012962976470592 0.19223839044570926 1.0000000180025095e-35 0.16650500148534778 0.070501551032066359 0.041478700935840614 0.73214286565780651 0.96491318941116344 0.77500000596046459 6.1954247951507577 8.7162022590637225 0.28046900033950811 0.38567392528057104 0.0026560471160337333 0.045276286080479629 0.071751508861780181 0.056944392621517188 7.4190807342529306
decision_type=2 2 2 2 2 2 2 2 2 2 2 2 2 2 2 2 2 2 2 2 2 2
left_child=1 6 7 17 -5 8 -1 -2 20 -6 14 -7 13 -11 15 -10 -15 -3 -19 -20 -4 -9
right_child=2 3 5 4 9 11 -8 21 10 12 -12 -13 -14 16 -16 -17 -18 18 19 -21 -22 -23
leaf_value=0.071437040361456997 -0.057912453880641812 -0.069431011866750769 0.014644821324701242 -0.061695805414366686 -0.034184867925203657 0.051720057268179638 -0.054851972197987049 0.023335889509499823 -0.015783088577150519 0.0182902042991753 0.037105932111070966 0.064637154918339393 0.026314838889251166 -0.03495277884431696 -0.014279141391164301 0.044205957658746388 0.012356305502383879 -0.066788936137673033 -0.049702614726824412 -0.0097804362370600955 0.051053616177522999 -0.047031004436276488
leaf_weight=393.00657147169113 351.77543081593467 4184.7113388250582 125.49805248866323 561.28356836144303 422.55622971332923 2329.9518919180846 67.074384665407706 221.53931830381043 114.54672691749875 348.7314871783019 496.63047667715 3971.0094211029354 271.36707617528737 359.89079030907305 285.23873661761172 175.25867661414668 98.829416131949984 1304.3475473967555 628.07973909660359 114.0698725103066 983.20757602335652 27.340946603682823
leaf_count=145 62681 782038 6148 99722 64104 12979 11282 7961 7920 16049 8386 3957 7023 36991 18814 2766 4873 255717 108296 10794 10092 2277
internal_value=-5.21383e-10 -0.0495241 0.0477362 -0.0552193 -0.0228674 0.053106 0.0526338 -0.0278975 0.0333642 -0.00819489 0.0190873 0.0599055 0.00209572 -0.00615566 0.00333997 0.0206295 -0.0247369 -0.0659016 -0.058533 -0.043673 0.0470166 0.0148317
internal_weight=17835.9 8753.95 9082 8293.87 2062.66 8481.34 460.081 600.656 2180.38 1501.37 1071.67 6300.96 1078.82 807.452 575.044 289.805 458.72 6231.21 2046.5 742.15 1108.71 248.88
internal_count=1541015 1397034 143981 1385607 228762 71062 11427 72919 54126 129040 37886 16936 64936 57913 29500 10686 41864 1156845 374807 119090 16240 10238
is_linear=0
shrinkage=0.045


Tree=5
num_leaves=23
num_cat=0
split_feature=15 16 26 15 15 23 26 16 24 31 31 16 16 15 24 16 25 16 31 31 16 8
split_gain=18823.8 2157.68 2049.67 838.192 758.585 424.955 371.289 279.129 273.219 183.53 181.373 179.602 153.175 150.908 91.4962 81.8387 73.533 85.7535 71.4482 92.6745 85.0169 60.1028
threshold=0.44170375168323522 1.0000000180025095e-35 0.0007622061821166427 0.74116367101669323 0.25982768833637243 1.0000000180025095e-35 0.0027607465162873272 0.17207926511764529 1.0000000180025095e-35 0.77500000596046459 0.22500000149011615 0.14790413528680804 1.0000000180025095e-35 0.96491318941116344 1.0000000180025095e-35 0.056944392621517188 8.6124434471130389 0.07829537615180017 0.22500000149011615 0.92857143282890331 0.090097427368164076 0.096586022526025786
decision_type=2 2 2 2 2 2 2 2 2 2 2 2 2 2 2 2 2 2 2 2 2 2
left_child=1 5 7 8 -3 -1 -6 -2 11 10 16 12 -4 14 -5 -12 -8 -18 -14 20 -20 -17
right_child=2 4 3 13 6 -7 9 -9 -10 -11 15 -13 18 -15 -16 21 17 -19 19 -21 -22 -23
leaf_value=0.068225023843865834 -0.059328669919335067 -0.063924204008210361 0.067394987191798553 0.039111405525110152 -0.059916700019901452 -0.053910691000727276 0.025652364972476877 0.0067124744097241552 0.046182985239945198 0.020093132076471464 -0.055350804828065092 0.02982475328607655 0.025559871866821918 0.061677788209261661 0.058237585345336434 -0.035754684586718613 -0.047850064350471545 0.02911499640085459 -0.041954147400422213 0.012242914508875465 -0.0018327830856559341 0.0018912934753007808
leaf_weight=349.96823012828827 402.91850369950407 5898.5924653981347 59.203077077865601 1343.2844621905533 557.17753711400655 65.004055157536641 160.4717733177531 188.56822931559873 899.31700990552781 233.26379335881211 280.36475422108197 862.23766538157361 125.34398706996581 4189.5182489646832 885.77131872577593 244.20641234135837 75.683575727336574 41.879558756481856 223.97249592363369 225.05846882460173 201.58226119133178 130.29613257007441
leaf_count=129 74477 1120737 24 15804 101706 11133 6533 9354 12692 8663 59150 13982 4609 4503 3157 26888 10655 1313 27561 7973 12003 7969
internal_value=-1.92012e-10 -0.0508008 0.0425037 0.0478297 -0.0562453 0.0486788 -0.0298534 -0.0383947 0.0261825 -0.0152952 -0.0242036 0.0154813 0.000583414 0.0565601 0.046825 -0.0370523 0.00617919 -0.0203635 -0.00491295 -0.0109339 -0.0231909 -0.0228046
internal_weight=17643.7 8036.91 9606.78 9015.29 7621.94 414.972 1723.34 591.487 2596.71 1166.17 932.902 1697.4 835.16 6418.57 2229.06 654.867 278.035 117.563 775.957 650.613 425.555 374.503
internal_count=1541015 1354876 186139 102308 1343614 11262 222877 83831 78844 121171 112508 66152 52170 23464 18961 94007 18501 11968 52146 47537 39564 34857
is_linear=0
shrinkage=0.045


Tree=6
num_leaves=23
num_cat=0
split_feature=13 26 26 20 13 24 25 26 18 24 14 25 31 31 9 21 26 25 13 35 25 25
split_gain=15862.5 2084.18 1411.86 1085.46 462.874 330.034 290.532 447.074 248.161 214.342 190.515 161.757 151.352 109.371 100.579 96.8927 91.6982 121.074 85.3216 80.3513 79.2069 92.6956
threshold=0.48412168025970465 0.0026560471160337333 0.00070785588468424987 0.0010596649372018876 0.87807384133338939 1.0000000180025095e-35 8.5730738639831561 0.28046900033950811 5.8277950286865243 1.0000000180025095e-35 0.0037719728425145154 6.9546275138854989 0.92857143282890331 0.92857143282890331 0.5154082477092744 0.18226110935211184 0.047535972669720657 9.6330046653747576 0.95880207419395458 0.73214286565780651 4.2696731090545663 8.5056777000427264
decision_type=2 2 2 2 2 2 2 2 2 2 2 2 2 2 2 2 2 2 2 2 2 2
left_child=1 -1 8 10 9 6 7 -5 -2 15 -3 -9 14 19 -12 -4 -17 -18 -10 -8 -7 -22
right_child=2 3 4 5 -6 20 13 11 18 -11 12 -13 -14 -15 -16 16 17 -19 -20 -21 21 -23
leaf_value=-0.062006990026707294 0.037997444907822975 0.021035140835151653 0.0012566097763532249 -0.02698653937848098 0.057777570312451197 -0.013136516385279087 -0.039679299259990981 0.05386721694313587 -0.055980306354195382 0.050035322250614474 -0.058248382281218737 0.0083844412076103329 0.011722437512365371 0.015394143182890625 0.029555406721537707 0.0062348722328065169 0.04181364749549505 0.012921104556902341 0.017229395473777925 0.031481862739051562 0.048774157205624481 0.013757780001503968
leaf_weight=4776.8917354971709 76.59594430681318 71.058581512479577 263.1361190356547 528.89726930615143 4597.9606678987984 95.568400935037062 723.44908785929147 282.01726433138538 332.78434065089459 1327.6320261268993 1309.7703904746304 358.15541884748382 67.493903579714242 88.876965030038264 24.115938884409843 272.88834964507259 1182.9187003630213 397.88604566588765 33.376665210409556 30.059116692165844 288.18771796638612 332.06399979774142
leaf_count=903466 1987 5057 15858 62856 7752 8946 107078 4050 56633 11006 256283 19909 4522 3418 1331 12136 12831 14921 1244 1754 6222 21755
internal_value=-9.01847e-10 -0.041688 0.044101 -0.0185303 0.0484097 -0.00169885 -0.0110381 0.00349011 -0.03383 0.035839 -0.0495946 0.0286833 -0.053238 -0.0311021 -0.0565565 0.0268384 0.0304566 0.0346051 -0.0491648 -0.0366517 0.024439 0.0302874
internal_weight=17461.8 8976.61 8485.18 4199.71 8042.42 2727.28 2011.46 1169.07 442.757 3444.46 1472.44 640.173 1401.38 842.385 1333.89 2116.83 1853.69 1580.8 366.161 753.508 715.82 620.252
internal_count=1541015 1406647 134368 503181 74504 235988 199065 86815 59864 66752 267193 23959 262136 112250 257614 55746 39888 27752 57877 108832 36923 27977
is_linear=0
shrinkage=0.045


Tree=7
num_leaves=23
num_cat=0
split_feature=15 16 25 16 15 18 23 25 15 31 24 25 31 27 31 16 24 25 30 20 18 16
split_gain=16014.5 1823.41 1637.62 706.22 646.265 427.106 370.139 281.93 168.991 167.816 146.718 146.602 137.924 109.483 99.1453 87.7525 83.9322 74.9624 69.6186 64.3353 57.8631 57.9177
threshold=0.44170375168323522 1.0000000180025095e-35 1.2424533367156985 0.16650500148534778 0.25982768833637243 6.2074859142303476 1.0000000180025095e-35 0.89587974548339855 0.96491318941116344 0.77500000596046459 1.0000000180025095e-35 8.4647393226623553 0.22500000149011615 0.84523808956146251 0.77500000596046459 0.056944392621517188 1.0000000180025095e-35 5.0465164184570321 2.9700856208801274 0.60949215292930614 2.2942512035369877 1.0000000180025095e-35
decision_type=2 2 2 2 2 2 2 2 2 2 2 2 2 2 2 2 2 2 2 2 2 2
left_child=1 6 5 10 -3 -2 -1 -6 16 12 11 17 19 -7 -13 -14 18 20 -5 -9 -4 -22
right_child=2 4 3 8 7 13 -8 9 -10 -11 -12 14 15 -15 -16 -17 -18 -19 -20 -21 21 -23
leaf_value=0.065941485304090608 0.031042011207864859 -0.05979988387463208 0.051081333031830552 0.014000961144398083 -0.057109462950435216 -0.060313972270784437 -0.049557066303415942 0.020647447961227642 0.057130066869445745 0.016579929087519686 0.037149556775249372 -0.020840958689985516 -0.05351986931525915 -0.0024807943569450019 0.020943921418711001 -0.02078514344699035 0.052089664168979748 0.035550769685315085 0.039849594372338482 -0.022620169302347077 0.058295649222659909 -0.011548615648454269
leaf_weight=326.82835739850998 171.81011435756227 5745.3364253400505 41.657366816827562 254.50805862701964 476.84197905212932 400.91187618370168 63.812922011595219 157.86960892050411 4040.8990977648646 246.65650240160176 644.2810319349519 353.95509516901802 302.02669751847861 79.748152215091977 164.53485423047096 384.34697993934969 1168.3864216265501 429.48020004190039 1471.4841998967458 116.54609800931212 22.098280191421509 209.32108131799032
leaf_count=129 4240 1120737 307 4273 87963 73907 11133 8519 4202 11217 11968 32295 66617 5324 4360 37138 3831 8552 13671 11423 10 19199
internal_value=6.04979e-10 -0.047622 0.0394007 0.0445011 -0.0526087 -0.0292087 0.0466865 -0.0279742 0.0511124 -0.0162801 0.0198491 0.0106063 -0.0247582 -0.050843 -0.00750777 -0.0354724 0.0426271 0.0239331 0.0360895 0.00219547 0.00535076 -0.00378734
internal_weight=17273.3 7820.27 9453.08 8800.61 7429.62 652.47 390.641 1684.29 6935.28 1207.45 1865.33 1221.05 960.789 480.66 518.49 686.374 2894.38 702.557 1725.99 274.416 273.077 231.419
internal_count=1541015 1354876 186139 102668 1343614 83471 11262 222877 25977 134914 76691 64723 123697 79231 36655 103755 21775 28068 17944 19942 19516 19209
is_linear=0
shrinkage=0.045


Tree=8
num_leaves=23
num_cat=0
split_feature=15 16 26 15 15 26 23 18 31 31 34 27 34 25 16 16 18 7 26 20 16 23
split_gain=14786.7 1854.01 1301.57 974.258 463.967 402.5 359.852 286.951 168.154 123.842 182.466 120.158 103.959 86.5346 72.9014 70.3149 61.5224 50.2265 50.1673 78.7624 51.588 49.0411
threshold=0.50348442792892467 1.0000000180025095e-35 0.0015408343751914801 0.27965581417083746 0.85606625676155101 0.0052054456900805244 1.0000000180025095e-35 5.6046395301818857 0.73214286565780651 0.77500000596046459 6.2275238037109384 0.84523808956146251 6.5799453258514413 8.9117560386657733 0.21867987513542178 0.10924503579735757 6.1860795021057138 0.99784985184669506 0.0026560471160337333 0.0019843365298584108 0.06611871719360353 0.010823462158441545
decision_type=2 2 2 2 2 2 2 2 2 2 2 2 2 2 2 2 2 2 2 2 2 2
left_child=1 6 7 18 8 16 -1 -2 12 10 13 17 -4 -7 21 -12 -5 -9 -3 -20 -21 -14
right_child=2 3 4 5 -6 9 -8 11 -10 -11 15 -13 14 -15 -16 -17 -18 -19 19 20 -22 -23
leaf_value=0.064497511230103402 0.041674074748915615 -0.060531361638552647 0.031199981275899954 -0.022363047720379593 0.053190389845556331 0.019771479710619239 -0.048340200163015407 -0.059194216319007988 0.041940562914690449 0.018965838555715597 -0.03935191726444285 0.0036377918797889566 -0.0050385129035327497 -0.026582423642103281 0.031966622507623874 -0.0064876098840434488 -0.058191305957844115 0.026400245843419417 -0.058412816551101046 -0.044481282860048744 -0.012811631432422506 0.035746424623778736
leaf_weight=365.64166182279587 92.527542119845748 3935.6935496078659 926.38878154655686 132.04913296477753 5111.9762851656997 327.26910924988624 63.904109255294316 328.84433420086862 1547.2947559484455 289.44156029817532 435.08976502923178 84.944928784796502 479.94667091447627 103.37121960474178 191.53255788970273 191.43442355909792 483.03312395907415 11.787879698676987 1179.7808563063736 624.29063130827853 130.85559674410615 63.083279690472409
leaf_count=145 1469 782038 18815 18938 10336 14542 11282 62834 16066 9232 67728 5249 26215 13679 1734 12413 92230 446 248329 113196 13282 817
internal_value=-2.79508e-09 -0.0432672 0.0404467 -0.0482638 0.0447568 -0.0207373 0.0473474 -0.0285352 0.0312569 -0.00689532 -0.0140318 -0.0441065 0.0212084 0.00846727 0.00848178 -0.0294411 -0.0507419 -0.0558931 -0.0574363 -0.0510012 -0.0391138 -1.76564e-05
internal_weight=17100.2 8261.85 8838.33 7832.31 8320.22 1961.69 429.546 518.105 3208.25 1346.61 1057.16 425.577 1660.95 430.64 734.563 626.524 615.082 340.632 5870.62 1934.93 755.146 543.03
internal_count=1541015 1397034 143981 1385607 73983 228762 11427 69998 63647 117594 108362 68529 47581 28221 28766 80141 111168 63280 1156845 374807 126478 27032
is_linear=0
shrinkage=0.045


Tree=9
num_leaves=23
num_cat=0
split_feature=15 16 26 15 15 16 23 26 15 18 24 25 16 0 25 16 24 26 20 16 27 10
split_gain=13722.7 1673.69 1440.62 593.924 578.448 350.817 325.813 271.668 123.524 118.846 108.669 95.2127 86.6084 81.0827 79.4811 79.1135 78.4893 76.5468 63.0955 60.7353 58.1839 49.7727
threshold=0.44948332011699682 1.0000000180025095e-35 0.0054024867713451394 0.25982768833637243 0.68187072873115551 0.093548052012920394 1.0000000180025095e-35 0.0027607465162873272 0.96491318941116344 5.8277950286865243 1.0000000180025095e-35 7.9664351940155038 0.040966989472508437 0.036876047030091293 1.2424533367156985 0.17798349261283877 1.0000000180025095e-35 0.28046900033950811 0.0023157780524343257 1.0000000180025095e-35 0.84523808956146251 0.070136018097400679
decision_type=2 2 2 2 2 2 2 2 2 2 2 2 2 2 2 2 2 2 2 2 2 2
left_child=1 6 5 -3 10 19 -1 -5 16 -7 11 17 -9 21 20 -13 -6 -4 -15 -2 -11 -14
right_child=2 3 4 7 8 9 -8 12 -10 14 -12 15 13 18 -16 -17 -18 -19 -20 -21 -22 -23
leaf_value=0.062476572071394891 0.032489890461008718 -0.056581710979472226 0.0032140444144861061 -0.052522273277077133 0.033909652476265664 0.038851370333465848 -0.046534852722783682 -0.03130824230665083 0.053521160667996844 -0.045628635227556801 0.034651092312469552 -0.011555145530707609 -0.0020996425343333914 -0.053563766723895824 0.016188678870631603 0.021518141351576446 0.050187743431095763 0.038463113875181656 -0.010034958437989365 -0.05964261231875178 0.0042424584921254985 0.031179826580978006
leaf_weight=335.06464460492134 12.162703312642405 5553.4807251784077 198.7425340206828 537.65209410653188 1534.1385318587418 137.13428336579818 62.556514761061408 384.76414905872662 4037.0254367960151 127.48773260237067 636.78723858454032 421.56597125134431 295.52223172591766 84.758613077312475 134.79686349036638 218.0418999902904 1064.3431438445114 334.60019363951869 284.89063160153455 318.20285256206989 72.504723207239294 126.13651530322386
leaf_count=132 426 1120737 8815 104335 19630 1961 11150 65898 4220 18350 9313 31228 19800 13057 4346 3461 4098 3700 21177 67430 3344 4407
internal_value=4.36001e-10 -0.0445081 0.0368947 -0.0494309 0.0423679 -0.0206249 0.0449612 -0.0261608 0.0485194 0.00433783 0.0197417 0.0115347 -0.0139381 -0.00534846 -0.0101631 -0.000201029 0.0406608 0.0254799 -0.0205975 -0.0558168 -0.027886 0.00810443
internal_weight=16912.4 7664.83 9247.53 7267.2 8445.24 802.289 397.621 1713.72 6635.51 471.924 1809.74 1172.95 1176.07 791.308 334.789 639.608 2598.48 533.343 369.649 330.366 199.992 421.659
internal_count=1541015 1360693 180322 1349411 84465 95857 11282 228674 27948 28001 56517 47204 124339 58441 26040 34689 23728 12515 34234 67856 21694 24207
is_linear=0
shrinkage=0.045


Tree=10
num_leaves=23
num_cat=0
split_feature=15 16 26 15 15 16 26 23 31 24 25 16 25 16 16 20 26 16 20 3 16 15
split_gain=12799.3 1663.43 1118.26 845.106 358.479 346.884 339.917 316.432 139.876 115.255 95.6911 90.0073 87.5712 84.131 75.0233 63.7668 59.2017 55.8809 53.6232 52.8133 51.412 50.9549
threshold=0.50348442792892467 1.0000000180025095e-35 0.013193394523113968 0.27965581417083746 0.79080060124397289 0.20813781768083575 0.0052054456900805244 1.0000000180025095e-35 0.92857143282890331 1.0000000180025095e-35 8.6124434471130389 0.12131907418370248 9.2269592285156268 0.093548052012920394 0.21867987513542178 0.009953025262802841 0.28046900033950811 1.0000000180025095e-35 6.5698517573764561e-05 0.25940278172492987 0.12704560160636905 0.96491318941116344
decision_type=2 2 2 2 2 2 2 2 2 2 2 2 2 2 2 2 2 2 2 2 2 2
left_child=1 7 5 -3 8 13 20 -1 12 10 16 -12 15 17 -14 -4 -8 -2 -18 -13 -5 -6
right_child=2 3 4 6 21 -7 9 -9 -10 -11 11 19 14 -15 -16 -17 18 -19 -20 -21 -22 -23
leaf_value=0.061442774914841271 0.031836611094093088 -0.054622853736756911 -0.012957239363724055 -0.054309356148432415 0.04190357365665548 0.023949999918991046 -0.020966747111598585 -0.045586817671333074 0.041499261892541855 0.014966166291911588 -0.041168404032301126 0.017150917082702517 -0.010995608596989732 -0.015046879916157765 0.034080268177376506 0.029042291959877922 -0.024991256109925582 -0.05760358263310246 0.019382344719537471 -0.057381129177600632 -0.018612508101677788 0.052075805853456662
leaf_weight=361.36070537567139 11.899261754122561 5661.0380221136293 76.433781523432117 488.92416309952387 1543.7390352182556 309.61267505801516 195.18605362558446 62.256541601382196 960.26360761217074 343.98980336083332 348.55363707226934 101.38068167248275 284.46353649167577 213.63623752853891 95.813285514479503 959.76561661908636 65.328936318430351 258.42060987179866 256.07009784360707 18.524982466362417 106.13711381943722 3968.3432618255029
leaf_count=145 323 1156845 3068 99612 9963 6774 18721 11282 8296 18353 58454 4007 20434 19363 889 16281 6383 54454 9479 2197 11556 4136
internal_value=-3.90353e-10 -0.0410166 0.037836 -0.0458675 0.042956 -0.0130117 -0.020033 0.045365 0.0282459 -0.00731036 -0.0151259 -0.0297398 0.0191468 -0.0366613 0.000656453 0.0258969 -0.00171536 -0.0531598 0.0101181 0.00379996 -0.0481505 0.0492675
internal_weight=16691.1 8008.75 8682.39 7585.13 7888.82 793.569 1924.1 423.617 2376.74 1329.03 985.044 468.459 1416.48 483.956 380.277 1036.2 516.585 270.32 321.399 119.906 595.061 5512.08
internal_count=1541015 1397034 143981 1385607 63067 80914 228762 11427 48968 117594 99241 64658 40672 74140 21323 19349 34583 54777 15862 6204 111168 14099
is_linear=0
shrinkage=0.045


Tree=11
num_leaves=23
num_cat=0
split_feature=15 16 26 15 15 26 23 18 31 34 31 15 27 34 16 24 16 16 25 26 21 16
split_gain=11938.9 1579.31 1031.08 798.381 417.133 314.805 300.764 188.362 123.102 156.963 110.096 89.7954 85.078 75.3544 72.9238 64.3487 61.2671 56.4476 56.0732 46.0169 72.1542 46.614
threshold=0.50348442792892467 1.0000000180025095e-35 0.0007622061821166427 0.27965581417083746 0.76443013548851024 0.0015012962976470592 1.0000000180025095e-35 5.6046395301818857 0.77500000596046459 6.2275238037109384 0.73214286565780651 0.96491318941116344 0.84523808956146251 5.842092990875245 0.090097427368164076 1.0000000180025095e-35 0.10924503579735757 1.0000000180025095e-35 8.9117560386657733 0.0026560471160337333 0.045276286080479629 0.071751508861780181
decision_type=2 2 2 2 2 2 2 2 2 2 2 2 2 2 2 2 2 2 2 2 2 2
left_child=1 6 7 19 10 -5 -1 -2 9 18 13 15 -9 -4 17 -6 -11 -15 -7 -3 -21 -22
right_child=2 3 4 5 11 8 -8 12 -10 16 -12 -13 -14 14 -16 -17 -18 -19 -20 20 21 -23
leaf_value=0.060308511497599838 0.032729037409060656 -0.056481151139816325 0.030329027396570805 -0.050022794312755532 0.031015482412678555 0.013568282435392529 -0.044710648504483433 -0.053877924878535384 0.016604731975334838 -0.038697587065199844 0.03471338187196555 0.050449035947294545 -0.00033899594708706191 0.047547529516740086 0.014497245734109897 0.048291380468718587 -0.008658718786478942 -0.02393783986155841 -0.0240701472294239 -0.054135543578148787 -0.040184177842646329 -0.0079330646318082343
leaf_weight=357.57314729690552 76.828957766178064 3721.0458173349034 410.89880841167178 501.11523172837769 1115.6653363637161 345.82525665033609 61.386595252610277 293.25567300312105 303.46795664678211 450.8703524182929 1016.8492916687974 4007.2599330791272 75.35244085881277 20.606835988815874 624.47550559864612 778.19761975749861 201.8652991502895 188.29524628847139 99.035111953446176 1147.9918629024032 570.19728606828721 111.10366084671114
leaf_count=145 1389 782038 7979 99722 13205 17081 11282 59723 11481 73684 13851 4503 4901 72 17272 2638 13115 18448 13679 255717 108296 10794
internal_value=2.03005e-09 -0.0400404 0.0366178 -0.044824 0.0402579 -0.0195952 0.0445751 -0.0297899 -0.00857307 -0.0155781 0.0237417 0.0465609 -0.0430843 0.0146724 0.00681809 0.0382227 -0.0295442 -0.0159397 0.00501479 -0.0534448 -0.0471314 -0.0350209
internal_weight=16479.2 7871.48 8607.69 7452.52 8162.25 1902.18 418.96 445.437 1401.06 1097.6 2261.13 5901.12 368.608 1244.28 833.378 1893.86 652.736 208.902 444.86 5550.34 1829.29 681.301
internal_count=1541015 1397034 143981 1385607 77968 228762 11427 66013 129040 117559 57622 20346 64624 43771 35792 15843 86799 18520 30760 1156845 374807 119090
is_linear=0
shrinkage=0.045


Tree=12
num_leaves=23
num_cat=0
split_feature=15 16 26 15 15 16 23 26 31 31 31 34 15 16 25 16 16 20 31 18 16 16
split_gain=11153.1 1397.27 1191.93 503.807 469.584 309.766 273.577 203.084 119.589 114.867 110.498 97.082 85.0802 76.8623 65.9375 77.3013 57.3687 54.3505 54.0466 52.9974 51.0445 47.7403
threshold=0.44170375168323522 1.0000000180025095e-35 0.0067953746765851983 0.74116367101669323 0.25982768833637243 0.20813781768083575 1.0000000180025095e-35 0.00062440268811769794 0.77500000596046459 0.22500000149011615 0.92857143282890331 6.9758808612823495 0.96491318941116344 0.093548052012920394 8.4647393226623553 0.18468768149614337 0.056944392621517188 0.61593371629714977 0.84523808956146251 5.8277950286865243 1.0000000180025095e-35 0.097184266895055785
decision_type=2 2 2 2 2 2 2 2 2 2 2 2 2 2 2 2 2 2 2 2 2 2
left_child=1 6 5 10 -3 13 -1 -6 9 17 11 14 18 20 -4 -16 -11 -9 -5 -7 -2 -13
right_child=2 4 3 12 7 19 -8 8 -10 16 -12 21 -14 -15 15 -17 -18 -19 -20 -21 -22 -23
leaf_value=0.05913206580641283 0.02892128939397735 -0.053013924940425457 0.03075898327602538 0.030125415525240524 -0.05108467712763555 0.04323909780179909 -0.043125339893630724 0.019316544755987469 0.013163930129388185 -0.047891790721327009 0.033632516159285357 -0.02546159770887281 0.049310615536822928 -0.016834051082653602 -0.0067519857863235942 0.030673418032297287 -0.020681724202830983 -0.021027825844320301 0.045287743069550412 0.0035204152975521425 -0.05551411957168885 0.0056723701872032533
leaf_weight=314.29545414447784 12.251663904404266 5214.1837588327689 572.48045602056663 1034.9156469955924 436.51724058830587 111.29967684479197 59.746309567883145 156.42860653653042 237.29604966358602 278.25231135255308 828.97531253937632 142.47792700695572 3899.9159335508011 215.73152494232636 283.92077113603591 177.83488992659841 384.17966608906863 111.4105180712213 983.36511924228398 166.26945948024513 312.28565156902187 304.02762012463063
leaf_count=129 441 1120737 9105 11304 90456 708 11133 8465 10938 64915 9939 15138 4187 21699 20008 2025 36871 11232 4312 6379 70369 10525
internal_value=-4.21471e-09 -0.0418087 0.033247 0.0383958 -0.0464585 -0.0184715 0.0424449 -0.025051 -0.0151415 -0.0223935 0.0205065 0.0130696 0.0453543 -0.0382026 0.0206114 0.00783575 -0.0323844 0.00245706 0.0376066 0.0199301 -0.0519361 -0.00443429
internal_weight=16238.1 7192.31 9045.75 8227.91 6818.27 817.838 374.042 1604.08 1167.57 930.271 2309.72 1480.74 5918.2 540.269 1034.24 461.756 662.432 267.839 2018.28 277.569 324.537 446.506
internal_count=1541015 1354876 186139 86543 1343614 99596 11262 222877 132421 121483 66740 56801 19803 92509 31138 22033 101786 19697 15616 7087 70810 25663
is_linear=0
shrinkage=0.045


Tree=13
num_leaves=23
num_cat=0
split_feature=15 16 26 15 15 23 18 26 24 15 31 31 27 16 16 24 11 16 31 31 7 25
split_gain=10422.7 1371.62 1076.61 515.795 468.983 263.51 217.173 204.503 150.752 100.005 98.3696 109.357 91.3266 70.652 106.1 67.9406 56.8672 50.358 45.8661 56.7259 42.7989 41.4595
threshold=0.44948332011699682 1.0000000180025095e-35 0.0015408343751914801 0.74116367101669323 0.25982768833637243 1.0000000180025095e-35 6.2074859142303476 0.00062440268811769794 1.0000000180025095e-35 0.96491318941116344 0.77500000596046459 0.22500000149011615 0.84523808956146251 0.14790413528680804 1.0000000180025095e-35 1.0000000180025095e-35 0.27432437241077429 0.084017772227525725 0.22500000149011615 0.92857143282890331 0.99784985184669506 4.4425818920135507
decision_type=2 2 2 2 2 2 2 2 2 2 2 2 2 2 2 2 2 2 2 2 2 2
left_child=1 5 6 8 -3 -1 -2 -6 13 15 11 16 20 14 -4 -5 -9 -13 -16 -20 -8 -12
right_child=2 4 3 9 7 -7 12 10 -10 -11 21 17 -14 -15 18 -17 -18 -19 19 -21 -22 -23
leaf_value=0.058533662384252123 0.02780004111377277 -0.052042238861142814 0.058921075976191235 0.028592200704322404 -0.050482462375734651 -0.04244427938270158 -0.052572372606829586 -0.013551224212451326 0.03401899233050755 0.047953956490924786 -0.015916489415197892 -0.041364473532050264 0.00077319499728808745 0.019289994618957043 0.020419433877979114 0.045583236811011528 0.027231633449159815 -0.016267822890570712 -0.021229077911633566 0.0087410430733355447 0.025712463700717423 0.02315865756590036
leaf_weight=318.47375455498695 115.33194358227775 5089.8394371175746 51.728121280670166 1246.8148505140562 436.5047236055143 58.679476389312185 364.47325307570281 169.9707415203884 831.71779967070324 3893.5448542428203 76.630336161113519 385.9686440595251 89.049856264027767 801.07154632394668 112.37905875709839 822.71029605343938 109.62831786408788 293.7323487745889 353.18176381255034 195.40253436547937 11.875827605079392 167.01693293516291
leaf_count=132 3128 1120737 24 14859 92821 11150 77113 14859 11634 4384 5376 79605 5572 13288 4134 3008 5217 24819 35685 7012 481 5977
internal_value=-2.48651e-09 -0.0406107 0.0324704 0.0366117 -0.0452954 0.0424732 -0.026586 -0.0242545 0.0186773 0.0436443 -0.0145678 -0.0210323 -0.0402158 0.0101637 -0.000157234 0.0354403 0.00263686 -0.030717 -0.00518846 -0.0105714 -0.0497973 0.0107961
internal_weight=15995.7 7106.44 8889.28 8308.55 6729.29 377.153 580.731 1639.45 2345.48 5963.07 1202.95 959.3 465.399 1513.76 712.691 2069.53 279.599 679.701 660.963 548.584 376.349 243.647
internal_count=1541015 1360693 180322 94028 1349411 11282 86294 228674 71777 22251 135853 124500 83166 60143 46855 17867 20076 104424 46831 42697 77594 11353
is_linear=0
shrinkage=0.045


Tree=14
num_leaves=23
num_cat=0
split_feature=15 16 26 15 15 23 16 26 31 31 34 8 25 16 18 25 26 21 34 36 18 7
split_gain=9773.42 1403.87 855.199 670.465 318.752 259.856 257.763 257.042 129.652 85.1036 121.476 74.4334 70.5859 80.8778 69.424 52.8275 50.6985 53.6755 49.7368 47.5356 46.217 45.2782
threshold=0.50348442792892467 1.0000000180025095e-35 0.013193394523113968 0.27965581417083746 0.85606625676155101 1.0000000180025095e-35 0.20813781768083575 0.0054024867713451394 0.73214286565780651 0.77500000596046459 5.881927728652955 0.087808258831501021 9.2269592285156268 0.20813781768083575 5.4774441719055185 0.89587974548339855 0.28046900033950811 0.006309670628979803 6.6839864253997812 0.96666666865348827 3.8065086603164677 0.97243788838386547
decision_type=2 2 2 2 2 2 2 2 2 2 2 2 2 2 2 2 2 2 2 2 2 2
left_child=1 5 6 -3 8 -1 14 -5 12 10 -9 -12 16 -14 -2 -16 -4 19 -8 -18 -20 -22
right_child=2 3 4 7 -6 -7 18 9 -10 -11 11 -13 13 -15 15 -17 17 -19 20 -21 21 -23
leaf_value=0.058235559333308061 0.016395089609470635 -0.050576773806772966 -0.0047074698646226961 -0.044424364374747186 0.045250184796465337 -0.041778466046068073 0.033345557336281278 0.0088550271620449518 0.036068164399662962 0.014305308256281121 -0.036419065733789814 -0.0062524666440510069 -0.015130079832856832 0.028301951292163577 -0.051763437954694506 -0.017140972842868817 -0.046133981470775631 0.028182806301895298 0.037412737000263339 0.040269315800593959 -0.042160975281702248 0.026687958947845352
leaf_weight=346.55542007088661 47.598090280545875 5169.3159624471155 122.214911018149 552.21677069467842 4692.0922773323255 58.161261704342905 191.26769446849357 323.8514612816798 1383.1612637997896 273.26752881283755 412.66823773701617 278.50935512800061 245.68921734916512 127.8249692087993 257.38800680471468 145.66460055875359 34.04721263947431 950.99538192362525 33.637974733952433 14.733312885509802 58.172181164612994 23.869910731213167
leaf_count=145 1532 1156845 4953 111596 9196 11282 3174 19179 12646 9179 62225 26583 19758 1373 55002 17606 2084 12949 153 108 3085 362
internal_value=-1.10885e-10 -0.0375644 0.0334452 -0.042274 0.0380049 0.0435282 -0.0120706 -0.0188809 0.0261375 -0.00780256 -0.0137954 -0.0243957 0.0168632 -8.91435e-05 -0.0335834 -0.0396141 0.022482 0.0258126 0.0195459 -0.0187197 -0.00370707 -0.0217472
internal_weight=15742.9 7414.55 8328.36 7009.83 7570.76 404.717 757.598 1840.51 2878.67 1288.3 1015.03 691.178 1495.51 373.514 450.651 403.053 1121.99 999.776 306.948 48.7805 115.68 82.0421
internal_count=1541015 1397034 143981 1385607 63067 11427 80914 228762 53871 117166 107987 88808 41225 21131 74140 72608 20094 15141 6774 2192 3600 3447
is_linear=0
shrinkage=0.045


Tree=15
num_leaves=23
num_cat=0
split_feature=15 16 26 15 15 26 23 18 31 16 16 2 27 1 16 16 25 20 16 10 16 20
split_gain=9176.26 1357.46 796.637 638.599 378.939 249.789 247.293 143.641 141.477 112.378 91.1745 102.326 66.9208 64.5405 65.3926 61.9053 55.9824 53.4246 53.2335 44.2596 37.8914 36.3207
threshold=0.50348442792892467 1.0000000180025095e-35 0.00070785588468424987 0.25982768833637243 0.8972897231578828 0.00062440268811769794 1.0000000180025095e-35 5.6046395301818857 0.73214286565780651 0.040966989472508437 0.19973536580801013 0.064002167433500304 0.84523808956146251 0.035676613450050361 0.16650500148534778 1.0000000180025095e-35 2.0126758217811589 0.022334293462336067 0.065025351941585555 0.051633369177579887 0.03948743827641011 2.5109719899774067e-05
decision_type=2 2 2 2 2 2 2 2 2 2 2 2 2 2 2 2 2 2 2 2 2 2
left_child=1 6 7 -3 8 -5 -1 -2 10 -7 11 20 -9 19 21 -13 -10 -17 -19 -11 -4 -15
right_child=2 3 4 5 -6 9 -8 12 16 13 -12 15 -14 14 -16 17 -18 18 -20 -21 -22 -23
leaf_value=0.057609029902973077 0.026987178520179348 -0.050391541266288496 -0.025387443567850852 -0.047744790947182911 0.044600266660621835 -0.030184211183773312 -0.040866206135820558 -0.0499617779223289 -0.010047162039158097 -0.0022096281103997232 0.027540172391699005 0.049518641901565873 -0.001720929646694614 -0.05168854724994075 0.0090160063479247134 -0.047941387557065542 0.035372490586859241 -0.029206447902218012 0.0041312348594683282 0.024998098915795783 0.030770022369261518 -0.016634407813008272
leaf_weight=343.7682312130928 76.541357638838235 4846.1349790512759 22.625445815792773 497.96872319607428 4364.1188715266762 439.41657697650953 56.933536966680549 270.86903200857341 54.833559772232547 305.64387252191955 739.49829599517398 37.156512595713139 74.2742980037292 70.87326023701462 180.0324593528203 53.117807079746854 1633.2381191636086 116.85451326239854 471.16146325925365 194.70591775537468 317.60551235577441 335.24150629108772
leaf_count=145 1387 1120737 2112 107911 7714 80883 11282 59565 1950 19619 6516 87 4894 12024 6589 5312 16574 13730 19031 6972 5109 30872
internal_value=3.36764e-10 -0.0368253 0.0325281 -0.041526 0.0357827 -0.0202259 0.043286 -0.0274647 0.0245678 -0.0111187 0.0155633 0.00677536 -0.0397532 -0.00330498 -0.0133862 -0.00335219 0.0338718 -0.00677577 -0.00268425 0.00852056 0.0267219 -0.0233061
internal_weight=15502.6 7270.72 8231.89 6870.02 7810.21 2023.88 400.702 421.685 3446.09 1525.91 1758.02 1018.52 345.143 1086.5 586.147 678.29 1688.07 641.134 588.016 500.35 340.231 406.115
internal_count=1541015 1397034 143981 1385607 78135 264870 11427 65846 70421 156959 51897 45381 64459 76076 49485 38160 18524 38073 32761 26591 7221 42896
is_linear=0
shrinkage=0.045


Tree=16
num_leaves=23
num_cat=0
split_feature=15 16 15 26 26 16 15 24 16 26 24 24 31 27 25 26 21 31 34 20 16 16
split_gain=8644.18 1354.35 835.084 622.805 306.405 229.2 226.549 146.574 137.081 107.356 87.3254 77.4696 70.5371 80.7225 96.2251 46.0296 67.0264 41.2626 41.2112 41.1819 39.8587 38.3402
threshold=0.55598181486129772 1.0000000180025095e-35 0.27965581417083746 0.012113077100366356 0.00070785588468424987 0.20813781768083575 0.96491318941116344 1.0000000180025095e-35 0.040966989472508437 0.0012289215810596945 1.0000000180025095e-35 1.0000000180025095e-35 0.92857143282890331 0.84523808956146251 8.6680564880371112 0.0026560471160337333 0.045276286080479629 0.22500000149011615 5.8622088432312021 0.84845048189163219 0.071751508861780181 0.14379341900348666
decision_type=2 2 2 2 2 2 2 2 2 2 2 2 2 2 2 2 2 2 2 2 2 2
left_child=1 9 15 5 -4 -2 7 12 -6 11 17 -1 13 14 -5 -3 -17 19 -16 -10 -18 -19
right_child=3 2 4 6 8 -7 -8 -9 10 -11 -12 -13 -14 -15 18 16 20 21 -20 -21 -22 -23
leaf_value=0.052155458359045906 -0.033958468507521176 -0.052266615585789378 -0.047361380378467904 0.021812823033257961 -0.029301599699540517 0.020210747953597227 0.045318003784955582 0.040749896443823708 0.021635916757755152 0.0547494220139935 0.019008751392300672 -0.032981318705162632 0.031099834518556919 0.052745459641524876 0.016397502022725517 -0.04967340630322261 -0.035487254928856779 -0.01885508563618081 -0.013564751573385011 -0.033746961790481117 -0.0049990858996241351 0.0013654487566501896
leaf_weight=29.088035702705383 340.27210462404764 3288.8592687868659 485.38135870423139 632.09315668552881 422.26146763369616 287.38269726175349 3654.6820814224193 1322.4821568349435 152.16648355772486 340.85100668593077 353.37569403660746 54.303695621580118 878.27353183730156 95.841795777203515 124.11243577426649 1009.7410530285633 509.53790051527903 501.15314176183892 328.93612421152648 28.226708326430526 106.63143368851161 302.8718814663298
leaf_count=13 58343 782038 106795 9245 73047 6296 4140 7891 5374 1584 11850 9947 7467 433 3317 255717 108296 48008 17095 2092 10794 11233
internal_value=1.552e-09 -0.0340474 -0.0386812 0.0336939 -0.0158975 -0.00919244 0.0375233 0.0290449 -0.00711094 0.0436981 -2.36541e-05 -0.00201418 0.0214473 0.0141681 0.0105346 -0.0490637 -0.0424445 -0.00691723 -0.00526721 0.0122936 -0.0302938 -0.0112768
internal_weight=15248.5 7584.45 7160.21 7664.08 2245.44 627.655 7036.42 3381.74 1760.06 424.243 1337.79 83.3917 2059.26 1180.98 1085.14 4914.77 1625.91 984.418 453.049 180.393 616.169 804.025
internal_count=1541015 1426788 1415244 114227 258399 64639 49588 45448 151604 11544 78557 9960 37557 30090 29657 1156845 374807 66707 20412 7466 119090 59241
is_linear=0
shrinkage=0.045


Tree=17
num_leaves=23
num_cat=0
split_feature=15 16 16 26 15 15 24 26 25 26 25 24 26 31 31 24 18 31 27 20 16 16
split_gain=8174.01 1152.99 943.985 431.759 340.507 231.346 156.401 145.041 109.5 108.25 106.657 106.558 105.409 90.5918 85.5219 69.6954 55.3747 53.5479 66.2464 43.5528 38.2276 36.5345
threshold=0.43348814547061926 1.0000000180025095e-35 0.15205436199903491 0.007180039770901204 0.25982768833637243 0.96491318941116344 1.0000000180025095e-35 0.00062440268811769794 7.4424884319305429 0.0012289215810596945 1.2424533367156985 1.0000000180025095e-35 0.1775985658168793 0.77500000596046459 0.22500000149011615 1.0000000180025095e-35 5.9854507446289071 0.92857143282890331 0.84523808956146251 0.61593371629714977 0.10099329426884653 1.0000000180025095e-35
decision_type=2 2 2 2 2 2 2 2 2 2 2 2 2 2 2 2 2 2 2 2 2 2
left_child=1 9 3 16 -3 6 10 -6 12 15 -4 -10 21 14 19 -1 -2 18 -12 -9 -16 -5
right_child=2 4 5 8 7 -7 -8 13 11 -11 17 -13 -14 -15 20 -17 -18 -19 -20 -21 -22 -23
leaf_value=0.049328388070790728 0.010171284336606948 -0.04904411554961341 -0.016736349674093667 0.050413875580440609 -0.047790654546377487 0.044262888076915932 0.040544811788938283 0.015086398822400674 -0.010503404158768477 0.052910723256589388 0.011267718630095234 0.021606116588991735 0.042923715839607107 0.010106363373426044 -0.03920258466856482 -0.036932135384360056 -0.044601713028200637 0.031418048260983607 0.048518177993593689 -0.021781540304026688 -0.014972220195299538 -0.003469976452455093
leaf_weight=23.99001944065094 39.531192113994621 4592.4601102840752 148.9339524103998 24.115476675564423 380.39870784153754 3661.7086323138792 1140.7768999079999 151.1822649743408 530.41908276654431 278.6937555578188 883.06429280457087 338.64689070382155 343.14193252997939 219.72653605465894 402.85753570095403 50.174215430452023 381.89684172952548 767.46010003640549 104.56437787367031 105.99917389714392 208.26404755729891 200.28201144112973
leaf_count=11 2722 1120737 10136 54 87824 5273 6086 8326 40339 1490 16265 8240 2311 10494 82416 9736 85241 5469 424 11008 16508 9905
internal_value=1.54671e-09 -0.0383979 0.0287608 0.000374054 -0.0430059 0.0366191 0.0273692 -0.0240194 0.0121394 0.0402472 0.0193896 0.00206066 0.02742 -0.0155279 -0.0220354 -0.00767608 -0.0394048 0.022494 0.0154361 -0.00023459 -0.0311336 0.00329341
internal_weight=14978.3 6413.75 8564.54 1858.03 6060.89 6706.51 3044.8 1468.43 1436.61 352.858 1904.02 869.066 567.539 1088.03 868.303 74.1642 421.428 1755.09 987.629 257.181 611.122 224.397
internal_count=1541015 1348550 192465 148812 1337313 43653 38380 216576 60849 11237 32294 48579 12270 128752 118258 9747 87963 22158 16689 19334 98924 9959
is_linear=0
shrinkage=0.045


Tree=18
num_leaves=23
num_cat=0
split_feature=15 16 15 26 26 15 23 16 24 16 24 16 0 14 26 20 34 30 26 34 31 9
split_gain=7722.01 1231.66 758.634 561.119 268.525 254.864 210.324 140.086 139.487 116.538 76.1153 74.2841 65.4231 60.3007 45.3681 59.1696 55.1557 43.5638 40.9539 37.9648 37.335 38.1821
threshold=0.55598181486129772 1.0000000180025095e-35 0.27965581417083746 0.0021621646592393522 0.00070785588468424987 0.96491318941116344 1.0000000180025095e-35 0.20813781768083575 1.0000000180025095e-35 0.041478700935840614 1.0000000180025095e-35 0.17798349261283877 0.070501551032066359 0.23038285225629809 0.0026560471160337333 0.0019843365298584108 5.1845848560333261 2.9700856208801274 0.0052054456900805244 5.2176458835601816 0.92857143282890331 0.3296975195407868
decision_type=2 2 2 2 2 2 2 2 2 2 2 2 2 2 2 2 2 2 2 2 2 2
left_child=1 6 14 7 -4 8 -1 -2 11 -6 19 12 -5 -14 -3 -16 -17 -13 -8 -11 21 -21
right_child=3 2 4 5 9 -7 18 -9 -10 10 -12 17 13 -15 15 16 -18 -19 -20 20 -22 -23
leaf_value=0.055626828425116945 -0.039976083890802296 -0.051100903925662196 -0.045958068627319014 0.021659488656614299 -0.028196231344195306 0.043631741727661086 -0.050073072988413229 0.012629280033896215 0.037842682868509413 0.012362798380890589 0.01682026449660259 0.0055178945252096212 0.0081573290244137155 -0.027812354634051618 -0.048438847958491842 0.0033528749004452089 -0.03525877652063663 0.028767450571665749 0.033499627454122001 -0.023825349240268599 0.004770463938837996 0.0018905759027228965
leaf_weight=350.16312456130981 244.44001477243728 3103.8847888610326 463.18320671121546 361.58038048868184 414.23364937062433 3581.475558691076 49.188865350704873 170.78303314402001 1327.6246837911312 158.9474289676873 351.92752478162583 192.94016125067719 263.6469344268553 140.67888482043054 926.18161000949476 85.94751761489897 538.13400596223073 1159.6215960655245 11.412919187045189 441.78961867034377 211.28132654167712 157.41166118893307
leaf_count=156 52041 782038 106795 8083 73521 4348 10968 5464 8817 6211 11777 2857 10944 12409 248329 12247 114231 9264 420 43516 7477 9102
internal_value=3.42414e-09 -0.032996 -0.0375377 0.0322025 -0.0157063 0.0352061 0.0423148 -0.0184464 0.0263989 -0.00752414 -0.000961762 0.019155 0.00788645 -0.00454462 -0.0478237 -0.0411189 -0.0299569 0.0254835 -0.0329804 -0.00747027 -0.0114118 -0.01711
internal_weight=14706.5 7263.69 6852.92 7442.79 2198.77 7027.57 410.765 415.223 3446.09 1735.59 1321.36 2118.47 765.906 404.326 4654.15 1550.26 624.082 1352.56 60.6018 969.43 810.483 599.201
internal_count=1541015 1426788 1415244 114227 258399 56722 11544 57505 52374 151604 78083 43557 31436 23353 1156845 374807 126478 12121 11388 66306 60095 52618
is_linear=0
shrinkage=0.045


Tree=19
num_leaves=23
num_cat=0
split_feature=15 16 25 15 15 23 26 18 31 31 34 34 24 13 25 3 18 11 30 24 16 16
split_gain=7285.51 1129.94 655.846 535.539 349.772 207.782 193.376 192.782 118.384 91.2558 92.1548 64.6924 54.815 59.7389 54.8039 52.8586 51.7218 47.5858 44.3242 37.6716 36.6273 37.2659
threshold=0.50348442792892467 1.0000000180025095e-35 1.2424533367156985 0.25982768833637243 0.82231280207633983 1.0000000180025095e-35 0.0052054456900805244 5.6046395301818857 0.84523808956146251 0.77500000596046459 6.3306114673614511 6.9758808612823495 1.0000000180025095e-35 0.95880207419395458 8.1916003227233904 0.9998215138912202 6.1860795021057138 0.23985311388969424 2.6020033359527592 1.0000000180025095e-35 0.097184266895055785 0.0064725596457719812
decision_type=2 2 2 2 2 2 2 2 2 2 2 2 2 2 2 2 2 2 2 2 2 2
left_child=1 5 7 -3 8 -1 16 -2 11 10 14 18 13 -6 -8 -9 -5 -16 -4 -10 21 -13
right_child=2 3 4 6 12 -7 9 15 19 -11 -12 20 -14 -15 17 -17 -18 -19 -20 -21 -22 -23
leaf_value=0.054586336530163038 0.02379096661968488 -0.047902200332392467 -0.018134689949619507 -0.015551960673046483 0.026475693989336059 -0.037532417229654391 0.013423224277507247 -0.044471988612711913 0.023760493196574646 0.012767186580147577 -0.027317343745885576 0.035907254352341073 0.046996988828828662 0.040693806729469879 -0.031749340839648831 0.012565554798379496 -0.048321692744074718 0.01180050985236478 0.020150354606224143 0.041253815454015963 0.0051639483706737502 -0.032423876569950716
leaf_weight=320.97608378529549 135.75253922725096 4334.321743649758 61.480289440252818 132.23295644702739 896.99210812145611 54.831712431507185 249.57698484530556 312.44282727609971 643.2230658812914 278.20858435780974 615.54128053625755 14.673651209217494 1678.5267324863235 2098.41220011306 144.66278328414774 34.552871623483952 447.7490837382793 73.666423737100558 989.89286076734425 443.15583189550671 362.31373273889767 105.79415024432819
leaf_count=145 2128 1120737 3012 23050 8224 11282 11599 61905 10374 10044 89274 301 2581 3124 19778 1518 105771 5354 25563 2222 10506 12523
internal_value=3.72036e-09 -0.0345616 0.0295634 -0.039105 0.0329257 0.0408296 -0.0193943 -0.0210594 0.0197076 -0.0100551 -0.0159472 0.011599 0.0403078 0.0364873 -0.000858832 -0.0386945 -0.0410471 -0.01712 0.0178364 0.0310527 -0.00202787 -0.0230015
internal_weight=14429 6651.77 7777.21 6275.96 7294.46 375.808 1941.64 482.748 2620.53 1361.66 1083.45 1534.15 4673.93 2995.4 467.906 346.996 579.982 218.329 1051.37 1086.38 482.782 120.468
internal_count=1541015 1397034 143981 1385607 78430 11427 264870 65551 64501 136049 126005 51905 13929 11348 36731 63423 128821 25132 28575 12596 23330 12824
is_linear=0
shrinkage=0.045


Tree=20
num_leaves=23
num_cat=0
split_feature=15 16 15 26 26 15 23 16 24 16 24 31 27 25 26 21 34 26 18 13 34 16
split_gain=6942.96 1132.31 694.526 523.391 240.01 229.877 189.226 173.297 118.121 100.4 68.8023 64.6831 68.9462 74.1407 45.3279 60.9258 51.2086 40.3554 39.6342 42.2631 37.7862 36.523
threshold=0.55598181486129772 1.0000000180025095e-35 0.27965581417083746 0.012113077100366356 0.00070785588468424987 0.96491318941116344 1.0000000180025095e-35 0.20813781768083575 1.0000000180025095e-35 0.041478700935840614 1.0000000180025095e-35 0.92857143282890331 0.84523808956146251 9.6330046653747576 0.0026560471160337333 0.045276286080479629 5.1845848560333261 0.0052054456900805244 5.6046395301818857 0.87807384133338939 6.9368283748626718 0.071751508861780181
decision_type=2 2 2 2 2 2 2 2 2 2 2 2 2 2 2 2 2 2 2 2 2 2
left_child=1 6 14 7 -4 8 -1 -2 11 -6 -11 12 13 20 -3 -16 -17 -8 -9 -20 -5 -18
right_child=3 2 4 5 9 -7 17 18 -10 10 -12 -13 -14 -15 15 16 21 -19 19 -21 -22 -23
leaf_value=0.054515887452659624 -0.031973888324906843 -0.050142947376804456 -0.044862369317463707 0.020368602722211439 -0.02730640613822554 0.042794040456430427 -0.048854201787062713 0.037757926432111608 0.036650899840975262 -0.007957910787372546 0.015278722328233303 0.028441255123607637 0.047872108613345635 -0.015890126194936061 -0.047307621172401379 0.004531141736487383 -0.039230498651892147 0.032834956908499857 -0.024021675862894408 0.019635886407388042 -0.00057022339060008322 -0.0071214692480341454
leaf_weight=335.91770046949387 315.81205801013857 2926.2025420743448 443.5410202727362 594.01959013048327 404.15322751940403 3380.96793750301 46.823387226497289 102.58279093331657 1265.6303806905344 961.26522239908809 347.10320502299874 832.96281062971684 93.580761982360855 200.69333814829588 902.96756299857225 82.494792532117572 402.91408108806354 12.180546316056278 67.364894677826669 113.49602744763251 245.89872979780193 90.102578375561279
leaf_count=156 58343 782038 106795 8796 73521 4140 10968 431 7891 66306 11777 7467 433 14033 255717 11602 97730 420 3876 1989 6828 9758
internal_value=1.47918e-09 -0.0320664 -0.0365261 0.0309231 -0.0155502 0.03457 0.0415525 -0.00927928 0.0259163 -0.00784984 -0.00175866 0.0189344 0.0118583 0.00840621 -0.0467645 -0.0399313 -0.0280503 -0.0307429 0.0161229 0.00316607 0.0142713 -0.0334927
internal_weight=14168.7 6955.67 6560.74 7213.01 2156.06 6613.75 394.922 599.256 3232.79 1712.52 1308.37 1967.16 1134.19 1040.61 4404.68 1478.48 575.511 59.0039 283.444 180.861 839.918 493.017
internal_count=1541015 1426788 1415244 114227 258399 49588 11544 64639 45448 151604 78083 37557 30090 29657 1156845 374807 119090 11388 6296 5865 15624 107488
is_linear=0
shrinkage=0.045


Tree=21
num_leaves=23
num_cat=0
split_feature=16 16 26 26 20 23 16 16 31 12 20 31 25 26 25 18 1 24 22 34 8 24
split_gain=6259.71 1190.52 739.317 450.221 425.399 188.213 185.431 173.776 164.809 103.72 101.086 96.9858 84.6254 93.5978 115.67 79.7784 71.8236 57.9896 49.6188 47.3333 46.1757 43.7437
threshold=0.13640753924846652 1.0000000180025095e-35 0.0052054456900805244 0.00070785588468424987 0.013633444905281069 1.0000000180025095e-35 0.24386043101549151 0.056115049868822105 0.84523808956146251 0.087837096303701415 0.0038420225027948622 0.84523808956146251 8.8935327529907244 0.28046900033950811 6.9546275138854989 5.8559153079986581 0.054793087765574462 1.0000000180025095e-35 0.79996603727340709 6.9570214748382577 0.16078415513038638 1.0000000180025095e-35
decision_type=2 2 2 2 2 2 2 2 2 2 2 2 2 2 2 2 2 2 2 2 2 2
left_child=1 5 -3 15 11 -1 8 12 10 -9 -5 20 13 -6 -15 -2 -12 19 -7 -18 -4 -11
right_child=3 2 4 6 7 18 -8 9 -10 21 16 -13 -14 14 -16 -17 17 -19 -20 -21 -22 -23
leaf_value=0.054806050335715416 0.01668742255432918 -0.049055307906227481 -0.045479757632990114 -0.023165845155366536 -0.031859543408390444 0.045915028985551713 0.03973630067766757 0.0247403621438404 0.036142637583118579 -0.012550417874240148 0.035790620932140728 0.0066641009124634547 -0.037989515111811062 0.041477585986578025 -0.013406966040131914 -0.030963139965683329 0.011741275703388203 0.026425358298500016 -0.045026366907908885 -0.013815023888679206 -0.0018263851729619879 0.012501874541158618
leaf_weight=363.61488468945026 92.969967526296386 3460.6787052910149 1047.7652655950951 128.97505550622009 217.33237775071757 11.045075774192808 3699.4693829686439 398.8494743113697 1300.2591080756392 428.4322304657544 338.40514858727693 82.878945510252379 332.20538435631897 114.34348083200166 218.60483461638796 265.14052317756432 507.62063996835786 367.23593487736071 52.913631076691672 200.91848147608107 51.915920540661318 204.62859131634468
leaf_count=174 4566 951724 283911 8169 33441 6 8980 9505 9244 33251 2869 5921 77172 2208 22328 37744 11669 3621 11650 7642 8535 6685
internal_value=-5.46841e-10 -0.0300199 -0.0347691 0.030386 -0.0187517 0.0423775 0.0330756 -0.00561066 0.024355 0.00691707 0.0143381 -0.0399119 -0.020216 -0.00924072 0.00577667 -0.018533 0.017828 0.0120381 -0.0271312 0.00444832 -0.0434365 -0.00441808
internal_weight=13886.2 6985.21 6557.64 6900.99 3096.96 427.574 6542.88 1914.4 2843.41 1031.91 1543.16 1182.56 882.486 550.281 332.948 358.11 1414.18 1075.78 63.9587 708.539 1099.68 633.061
internal_count=1541015 1446511 1434681 94504 482957 11830 52194 184590 43214 49441 33970 298367 135149 57977 24536 42310 25801 22932 11656 19311 292446 39936
is_linear=0
shrinkage=0.045


Tree=22
num_leaves=23
num_cat=0
split_feature=15 16 15 25 15 25 23 18 24 24 16 18 16 0 18 27 2 31 31 25 31 21
split_gain=6202.19 1037.85 640.166 467.423 266.536 201.281 170.704 137.585 121.619 86.6758 67.5631 58.5562 57.4911 55.4557 44.0324 43.9844 42.4421 39.6366 39.5207 37.7999 68.0472 42.3458
threshold=0.55598181486129772 1.0000000180025095e-35 0.27965581417083746 1.2424533367156985 0.96491318941116344 1.2424533367156985 1.0000000180025095e-35 5.0867438316345224 1.0000000180025095e-35 1.0000000180025095e-35 0.17798349261283877 3.620669007301331 0.082509920001029982 0.070501551032066359 3.5808789730072026 0.84523808956146251 0.043657803907990463 0.84523808956146251 0.92857143282890331 3.5114340782165532 0.84523808956146251 0.045276286080479629
decision_type=2 2 2 2 2 2 2 2 2 2 2 2 2 2 2 2 2 2 2 2 2 2
left_child=1 6 19 7 8 11 -1 -2 10 12 13 -4 18 -5 -15 -9 -14 -10 -7 -3 21 -21
right_child=3 2 5 4 -6 9 -8 15 17 -11 -12 -13 16 14 -16 -17 -18 -19 -20 20 -22 -23
leaf_value=0.053481643103194892 0.024403276850246333 -0.04867380363286776 0.012792377140796524 0.018621930662251911 0.041493730117555874 -0.030164292560446886 -0.029221839617500509 -0.04452228541198109 0.026108188802179376 0.0096098973429838523 0.022682288551214506 -0.045541677135131672 0.010047374280733894 -0.024205139302544997 0.0060994232253251393 -0.0036893289024298209 -0.013444581637554902 0.042594612512064846 0.0014615388535842622 -0.046876663332957952 0.018653135240505866 -0.02807336652607886
leaf_weight=321.20013457536697 108.04869110323489 2943.2040457603362 35.737968646804802 348.85903682062053 3294.5833764992421 451.26480533927679 56.500641474121949 210.8416476372804 641.73966200859286 425.4959087199677 1289.9220587901655 436.25845854484214 240.10258555634937 154.52347708854359 244.26725172111765 72.263672895496711 423.76815354505379 616.32023153017508 96.485135697934311 761.43061238704831 37.980537362804171 401.60282819902932
leaf_count=156 1287 824819 2696 8309 4456 83229 11388 46534 6987 22677 12556 105722 8960 13716 13479 4517 27705 2386 7410 234210 6027 91789
internal_value=2.82387e-10 -0.0311551 -0.0355358 0.0295928 0.03243 -0.0153038 0.0408898 -0.0180133 0.0233199 -0.00778235 0.0164599 -0.041037 -0.0139045 0.00564491 -0.00579731 -0.0343444 -0.00493664 0.0343215 -0.0246306 -0.0458016 -0.0385905 -0.0405317
internal_weight=13612.4 6631.03 6253.33 6981.37 6590.22 2109.11 377.701 391.154 3295.63 1637.12 2037.57 471.996 1211.62 747.65 398.791 283.105 663.871 1258.06 547.75 4144.22 1201.01 1163.03
internal_count=1541015 1426788 1415244 114227 61889 258399 11544 52338 57433 149981 48060 108418 127304 35504 27195 51051 36665 9373 90639 1156845 332026 325999
is_linear=0
shrinkage=0.045


Tree=23
num_leaves=23
num_cat=0
split_feature=15 16 15 25 15 23 25 25 31 18 31 15 35 31 34 18 24 16 20 16 2 23
split_gain=5861.69 883.375 741.385 331.167 277.995 166.195 125.218 114.56 105.83 83.9676 77.4525 75.8645 74.3858 72.6528 70.2174 59.8782 53.718 42.952 41.3164 39.7457 39.9535 43.6918
threshold=0.43348814547061926 1.0000000180025095e-35 0.76443013548851024 1.2424533367156985 0.23379755765199664 1.0000000180025095e-35 1.2424533367156985 1.0000000180025095e-35 0.92857143282890331 5.6046395301818857 0.77500000596046459 0.96491318941116344 0.92857143282890331 0.22500000149011615 5.8622088432312021 6.2074859142303476 1.0000000180025095e-35 0.21867987513542178 0.61593371629714977 1.0000000180025095e-35 0.067251294851303114 0.020435249432921413
decision_type=2 2 2 2 2 2 2 2 2 2 2 2 2 2 2 2 2 2 2 2 2 2
left_child=1 5 3 15 -3 -1 9 -6 12 -4 13 16 14 18 -5 -2 -8 19 -9 -16 -21 -22
right_child=2 4 6 8 7 -7 11 10 -10 -11 -12 -13 -14 -15 17 -17 -18 -19 -20 20 21 -23
leaf_value=0.052364643041347261 -0.0011261076591561562 -0.046655818970508786 0.036607980261358343 0.017440132549612027 -0.045578158503575945 -0.034581202849075905 0.021689525181917482 0.011807990047826506 0.024889246308729233 -0.024137848913231872 0.0060319594654716507 0.040851651506827576 0.043660318868075455 -0.03041276074131587 0.041139885796430506 -0.043526308112186093 0.03871838030958584 0.015777547528070118 -0.022906470806745134 0.0050393810958199786 -0.020564169778284402 0.023824227672377785
leaf_weight=259.18752379715443 89.267442458905862 3649.329811384996 69.707593572093174 452.15803633119504 371.33045192184363 49.907146129873581 960.99071311904117 158.72219327883795 882.65183171047829 115.25280150730396 236.19138522019784 3222.8948800368235 91.375657289288938 683.92995764427178 26.984048410435207 274.37409361184109 646.88140915762051 180.34141031414038 115.65202812572534 242.32273357731174 507.28128407130134 45.06854357814882
leaf_count=129 4219 1067100 285 12248 98381 11108 13558 11846 14147 15192 14908 4456 1488 130442 136 66481 2620 2157 14636 11767 42763 948
internal_value=7.46168e-10 -0.0354552 0.025093 0.00649022 -0.039841 0.0379991 0.0354309 -0.0238603 0.0125014 -0.000883078 -0.016947 0.0368207 0.00536932 -0.0226125 0.00282184 -0.0332743 0.0286394 -0.0038286 -0.00297265 -0.00820125 -0.0101234 -0.0167611
internal_weight=13331.8 5524.25 7807.55 2791.83 5215.16 309.095 5015.73 1565.83 2428.18 184.96 1194.5 4830.77 1545.53 958.304 1454.16 363.642 1607.87 1002 274.374 821.657 794.673 552.35
internal_count=1541015 1348550 192465 156354 1337313 11237 36111 270213 85654 15477 171832 20634 71507 156924 70019 70700 16178 57771 26482 55614 55478 43711
is_linear=0
shrinkage=0.045


Tree=24
num_leaves=23
num_cat=0
split_feature=15 16 16 15 26 13 23 26 24 31 34 25 31 26 26 18 34 25 26 21 34 16
split_gain=5535.83 909.013 521.551 449.325 275.375 175.376 166.582 149.502 114.855 74.2114 84.991 62.3161 80.1841 61.8333 53.8269 47.4485 40.2889 39.7323 39.6691 45.3406 49.0007 34.4686
threshold=0.50348442792892467 1.0000000180025095e-35 0.16650500148534778 0.25982768833637243 0.007180039770901204 0.95880207419395458 1.0000000180025095e-35 0.00029525315039791172 1.0000000180025095e-35 0.77500000596046459 6.2275238037109384 8.4647393226623553 0.63333335518836986 0.047535972669720657 0.28046900033950811 5.6046395301818857 5.4004201889038095 4.8361558914184579 0.0011673158733174207 0.045276286080479629 5.1845848560333261 0.062994252890348448
decision_type=2 2 2 2 2 2 2 2 2 2 2 2 2 2 2 2 2 2 2 2 2 2
left_child=1 6 4 18 -2 8 -1 -5 13 10 -9 14 16 15 -6 -4 -13 -11 -3 -20 -21 -22
right_child=2 3 5 7 11 -7 -8 9 -10 17 -12 12 -14 -15 -16 -17 -18 -19 19 20 21 -23
leaf_value=0.052515003092394229 -0.035389578073184338 -0.049312946154238507 0.02032484727199893 -0.043210477483972859 0.0032618871531935535 0.040513801952445631 -0.034216265822489579 -0.0019610364437650275 0.036649619123880484 -0.013976840472613997 -0.027079057993416686 0.016376991593527204 0.015420278896641644 0.020644552703846793 0.030665043663510246 -0.02000933368906762 -0.026800832703270768 0.018922877096206617 -0.046082778715770906 0.0036263247043672262 -0.040126030002115981 -0.0093923929592500018
leaf_weight=284.55881169438362 291.63369164476171 2363.9710597164521 92.873801467241719 382.39133131090057 212.78360343590612 2971.153463253082 49.487193955515977 455.5979545435257 974.59745930318604 109.98658857493137 677.95534910664719 52.489838850946398 371.61458309963928 1400.6307295528241 460.58953211695189 144.25876739234081 193.12921424591332 207.29881515268062 797.34567866533325 80.09856904100161 384.03252335148863 95.722059386986075
leaf_count=145 67420 724481 1033 102756 8214 5135 11282 39086 4581 7985 107805 1879 11918 13675 4613 8808 16705 7238 259619 13082 109262 14293
internal_value=5.58196e-10 -0.0323117 0.0265561 -0.0366531 0.00373538 0.0330139 0.0393511 -0.0183471 0.0244228 -0.0116681 -0.0170366 0.0126788 0.00231261 0.0170574 0.0220936 -0.00411881 -0.0174309 0.00747833 -0.0456348 -0.0390707 -0.0287646 -0.0341541
internal_weight=13054.2 5888.45 7165.75 5554.4 1582.24 5583.51 334.046 1833.23 2612.36 1450.84 1133.55 1290.61 617.234 1637.76 673.373 237.133 245.619 317.285 3721.17 1357.2 559.853 479.755
internal_count=1541015 1397034 143981 1385607 110749 33232 11427 264870 28097 162114 146891 43329 30502 23516 12827 9841 18584 15223 1120737 396256 136637 123555
is_linear=0
shrinkage=0.045


Tree=25
num_leaves=23
num_cat=0
split_feature=15 16 15 26 15 26 23 16 16 16 9 8 25 20 23 26 21 34 26 18 7 3
split_gain=5237.12 933.271 604.152 403.929 209.708 184.754 153.489 136.15 91.8186 63.5221 52.8724 111.792 47.7088 43.497 42.8049 39.4241 44.111 45.2724 37.2551 36.9508 39.5602 46.6007
threshold=0.5674533247947694 1.0000000180025095e-35 0.25982768833637243 0.012113077100366356 0.96491318941116344 0.00029525315039791172 1.0000000180025095e-35 0.20813781768083575 0.040966989472508437 0.12400985509157182 0.14071276038885119 0.0055170045234262952 8.4647393226623553 0.87156710028648388 0.00071304774610325705 0.0011673158733174207 0.045276286080479629 5.1845848560333261 0.0052054456900805244 5.6046395301818857 0.99784985184669506 0.9998215138912202
decision_type=2 2 2 2 2 2 2 2 2 2 2 2 2 2 2 2 2 2 2 2 2 2
left_child=1 6 15 7 9 -4 -1 -2 -7 12 11 -10 -5 -12 -11 -3 -17 -18 -8 -9 21 -21
right_child=3 2 5 4 -6 8 18 19 10 14 13 -13 -14 -15 -16 16 17 -19 -20 20 -22 -23
leaf_value=0.052802195323705191 -0.03140415089011641 -0.049003423793862834 -0.041882793923722739 0.02024080525254375 0.039853757425170902 -0.027080870022586807 -0.046619786985865948 0.03526318168736442 -0.0026072848674031871 0.02319443123716762 0.012918882575364183 -0.043574081063551033 -0.0072863858239739935 -0.016508367321211727 0.039458980653811128 -0.045690746779260501 0.0027137945213448595 -0.033683534452670492 0.033050750909294907 -0.031638949343072917 0.038051718609318476 0.021188853206546447
leaf_weight=305.3107768446207 270.25285435008118 2278.7708816843224 434.60146352956508 290.40752290439559 3027.7544914219179 445.21769225435855 41.74099714262411 95.157065727631561 654.74022055069508 2052.1155077524891 462.27600070017797 165.12799946125597 220.73754032440775 125.41845116211334 402.83687061537057 769.76969998664572 80.280060619697906 466.17829735254054 11.947546950599643 80.832768477732316 38.760848296515178 51.374143102904782
leaf_count=159 55218 724481 117425 5391 4140 91462 10985 410 43154 22313 20777 19375 13614 8188 1481 259619 13082 123555 421 4691 268 806
internal_value=-5.46876e-10 -0.0294634 -0.0337681 0.0281611 0.0315073 -0.0156403 0.0405665 -0.00917697 -0.00938857 0.0229346 -0.00371638 -0.0110724 0.00839779 0.0065526 0.0259381 -0.0452644 -0.0386302 -0.0283603 -0.027585 0.0135579 0.000818447 -0.0110866
internal_weight=12771.6 6241.38 5882.38 6530.23 5993.85 2287.38 358.999 536.378 1852.78 2966.1 1407.56 819.868 511.145 587.694 2454.95 3595 1316.23 546.458 53.6885 266.125 170.968 132.207
internal_count=1541015 1432683 1421118 108332 46939 300381 11565 61393 182956 42799 91494 62529 19005 28965 23794 1120737 396256 136637 11406 6175 5765 5497
is_linear=0
shrinkage=0.045


Tree=26
num_leaves=23
num_cat=0
split_feature=15 16 15 26 15 26 24 26 26 31 31 31 34 16 16 15 24 20 31 8 34 16
split_gain=4939.12 778.834 669.029 291.01 256.949 130.539 117.064 104.484 73.9535 71.0588 64.8623 63.4304 60.5027 58.5961 68.5489 51.6345 45.1514 42.2723 36.8695 44.4752 36.6592 34.9178
threshold=0.43348814547061926 1.0000000180025095e-35 0.76443013548851024 0.00068804188049398373 0.23379755765199664 0.047535972669720657 1.0000000180025095e-35 0.0052054456900805244 0.0012289215810596945 0.84523808956146251 0.22500000149011615 0.84523808956146251 6.9851791858673105 1.0000000180025095e-35 0.10099329426884653 0.96491318941116344 1.0000000180025095e-35 0.61593371629714977 0.73214286565780651 0.10444773733615877 4.6491756439208993 0.13640753924846652
decision_type=2 2 2 2 2 2 2 2 2 2 2 2 2 2 2 2 2 2 2 2 2 2
left_child=1 8 3 -2 -3 15 13 21 16 10 17 12 -7 -5 20 -4 -1 -9 19 -8 -15 -6
right_child=2 4 5 6 7 11 18 9 -10 -11 -12 -13 -14 14 -16 -17 -18 -19 -20 -21 -22 -23
leaf_value=0.043184272395678298 -0.036559633697438199 -0.045564879662380472 -0.0054071468099573042 0.05152188303811911 -0.045499169466175292 0.0344579982560115 0.00028676626834801345 0.014126103493925056 0.049082476896638291 0.010463501084498552 -0.028484526215963962 0.040924102559079689 0.016455476329976286 0.02468434947661937 0.0078041158723792664 0.027483926166925906 -0.032486291827125535 -0.022525834002500234 0.034421482363480971 0.029044836231128992 -0.017683146458004902 -0.012284658389708351
leaf_weight=19.640086323022842 291.92498336816789 3290.7134436082924 226.75739330559736 44.85393887758255 401.62938133757416 1469.0590022664692 212.09161670686444 148.28415605137707 225.45681421342306 184.17164678461268 575.27466333971824 2338.5846082416247 528.37142205779674 41.868436400807695 1116.7723091821972 161.7580038488959 40.6377424634411 104.07204614253715 389.45975639979588 219.03855364088668 385.2254994421528 81.462024227701477
leaf_count=11 70003 1067100 18546 24 120660 6174 6823 9711 1490 7980 106881 5065 4429 1562 29115 1897 9736 12827 3298 3771 41758 12154
internal_value=-3.01556e-11 -0.0342137 0.0233732 0.00549522 -0.0385282 0.0335782 0.010656 -0.022938 0.0374667 -0.0145958 -0.0202016 0.0358163 0.0297489 0.00350094 0.00194397 0.00846223 -0.00641162 -0.00113318 0.0244035 0.015063 -0.0132922 -0.0400815
internal_weight=12497.1 5071.34 7425.77 2701.24 4785.61 4724.53 2409.31 1494.89 285.735 1011.8 827.631 4336.02 1997.43 1588.72 1543.87 388.515 60.2778 252.356 820.59 431.13 427.094 483.091
internal_count=1541015 1348550 192465 156354 1337313 36111 86351 270213 11237 137399 129419 15668 10603 72459 72435 20443 9747 22538 13892 10594 43320 132814
is_linear=0
shrinkage=0.045


Tree=27
num_leaves=23
num_cat=0
split_feature=15 16 15 15 25 26 23 31 16 27 24 18 24 25 24 26 26 21 34 26 24 16
split_gain=4670.64 842.536 535.805 388.235 300.698 171.414 141.771 133.393 77.6936 70.8306 71.0112 61.8368 57.0729 46.455 42.8483 42.4975 40.6292 43.3815 42.9307 33.6961 32.4084 31.6953
threshold=0.55598181486129772 1.0000000180025095e-35 0.25982768833637243 0.96491318941116344 2.0126758217811589 0.00029525315039791172 1.0000000180025095e-35 0.84523808956146251 0.040966989472508437 0.84523808956146251 1.0000000180025095e-35 5.0867438316345224 1.0000000180025095e-35 8.6680564880371112 1.0000000180025095e-35 0.28046900033950811 0.0011673158733174207 0.045276286080479629 5.1845848560333261 0.0052054456900805244 1.0000000180025095e-35 0.062994252890348448
decision_type=2 2 2 2 2 2 2 2 2 2 2 2 2 2 2 2 2 2 2 2 2 2
left_child=1 6 16 4 11 -4 -1 9 -7 10 13 -2 -10 15 -9 -6 -3 -18 -19 -8 -5 -20
right_child=3 2 5 20 7 8 19 14 12 -11 -12 -13 -14 -15 -16 -17 17 18 21 -21 -22 -23
leaf_value=0.052072183058546877 0.011017876199823858 -0.048499404651369461 -0.042143412614175035 0.03467146088886066 -0.013113276707420522 -0.026264979970600556 -0.045799134777175739 0.024118270405597702 -0.0096833771636664224 0.044914233134421853 0.022341713843906656 -0.032865207894107365 0.011533399955506592 -0.0092773632457186696 0.040730765384518322 0.016348660350127091 -0.044950803163401082 0.0030672866031306255 -0.038802958834799513 0.030204881826960753 0.045008509397696635 -0.0085816099545887956
leaf_weight=283.80397193133831 81.971462213085033 2115.7004776284739 399.24410258385615 1967.3431899931165 120.91106729244348 422.36842653443455 39.503845112922136 791.51464714213216 982.16340941068484 119.05139122216497 554.99626263414393 274.88098789867945 342.33836533434805 409.15275065858441 564.07123189629056 475.12181201647036 716.86904241365846 79.156942168483511 350.67842455633217 12.159712655120527 1039.2056137550971 91.754650600021705
leaf_count=156 1551 724481 114944 4742 8116 90277 10968 9420 75945 662 6493 53927 13341 20403 2177 5553 259619 13082 109262 420 1183 14293
internal_value=-4.93801e-10 -0.0291008 -0.0333297 0.0265445 0.0160711 -0.0157194 0.0397063 0.0206684 -0.00957714 0.0121355 0.00949875 -0.022772 -0.00417682 0.00233224 0.0311552 0.0103127 -0.0445572 -0.0376548 -0.0272955 -0.0268238 0.0383132 -0.0327014
internal_weight=12234 5835.74 5500.27 6398.22 3391.67 2146.11 335.468 3034.82 1746.87 1679.23 1560.18 356.852 1324.5 1005.19 1355.59 596.033 3354.16 1238.46 521.59 51.6636 3006.55 442.433
internal_count=1541015 1426788 1415244 114227 108302 294507 11544 52824 179563 41227 40565 55478 89286 34072 11597 13669 1120737 396256 136637 11388 5925 123555
is_linear=0
shrinkage=0.045


Tree=28
num_leaves=23
num_cat=0
split_feature=15 16 15 15 26 26 23 24 26 13 24 31 16 6 15 16 16 25 25 7 14 20
split_gain=4425.75 714.994 620.907 244.128 233.876 144.898 136.195 99.5862 95.8943 69.2971 63.9978 58.9453 58.9055 58.1256 45.9085 42.6286 41.3355 37.9019 34.0415 32.5688 32.5175 30.9592
threshold=0.43348814547061926 1.0000000180025095e-35 0.74116367101669323 0.23379755765199664 0.0015880338614806535 0.047535972669720657 1.0000000180025095e-35 1.0000000180025095e-35 0.00029525315039791172 0.95880207419395458 1.0000000180025095e-35 0.84523808956146251 1.0000000180025095e-35 0.11555631458759309 0.96491318941116344 0.13319610059261325 0.14379341900348666 8.6680564880371112 4.4425818920135507 0.62574085593223583 0.11557314172387124 0.61593371629714977
decision_type=2 2 2 2 2 2 2 2 2 2 2 2 2 2 2 2 2 2 2 2 2 2
left_child=1 6 4 -3 20 14 -1 12 -5 10 17 13 -6 21 -4 -14 -15 -7 -13 -19 -2 -10
right_child=2 3 5 8 7 9 -8 -9 11 -11 -12 18 15 16 -16 -17 -18 19 -20 -21 -22 -23
leaf_value=0.051049316653300841 -0.038786733844722657 -0.044960573233303519 -0.0054267651299521411 -0.043150343811985237 0.05101838271952356 0.027736712841954017 -0.032066720418187852 0.022364498140267561 0.011312442071542488 0.039125859060294366 0.037873917301366321 -0.017802686341616341 -0.0092783621973725732 -0.033358322223047771 0.025004582286602371 0.0068936874064586895 -0.0033260105268355668 -0.0041554381920219079 0.018281339043636349 0.019842198857435208 0.0038948122069790304 -0.019978069324481311
leaf_weight=226.22420961409807 258.75964616486453 3065.8210383523656 256.40344534197357 341.79391357362692 43.025449514389038 602.54604157659924 44.683256060990971 745.47300937876571 140.64253649723832 2533.37822227992 707.48253752113669 79.214342995386687 552.01245482751983 528.13127756735776 158.54252935299883 805.09430053977121 113.79631395736942 184.2146999797551 138.26475097551884 291.390592425043 40.885570357379038 109.36785303903162
leaf_count=129 69492 1067100 22264 106569 24 3458 11108 12686 10121 3786 2597 7313 48106 118991 1897 17492 7312 4588 5772 3514 2561 14135
internal_value=-1.56206e-10 -0.0334902 0.022343 -0.0377545 0.0039175 0.0318462 0.0370075 0.0091372 -0.0224289 0.0342846 0.0273259 -0.01588 0.00204006 -0.0209789 0.00635972 0.000305684 -0.0281013 0.0202613 0.00503342 0.0106007 -0.0329946 -0.00249902
internal_weight=11967.1 4787.94 7179.21 4517.03 2445.25 4733.96 270.907 2145.61 1451.21 4319.01 1785.63 1109.42 1400.13 891.938 414.946 1357.11 641.928 1078.15 217.479 475.605 299.645 250.01
internal_count=1541015 1348550 192465 1337313 150361 42104 11237 78308 270213 17943 14157 163644 65622 150559 24161 65598 126303 11560 13085 8102 72053 24256
is_linear=0
shrinkage=0.045


Tree=29
num_leaves=23
num_cat=0
split_feature=15 16 15 26 15 26 23 16 31 31 7 34 16 30 26 21 34 11 24 18 7 3
split_gain=4178.32 789.943 523.453 340.833 202.262 150.973 131.446 115.221 110.18 72.6793 82.2149 70.2267 62.9934 44.4566 41.3825 47.5476 41.3775 39.8248 37.283 35.0083 35.0223 38.8174
threshold=0.5674533247947694 1.0000000180025095e-35 0.25982768833637243 0.012113077100366356 0.96491318941116344 0.00029525315039791172 1.0000000180025095e-35 0.20813781768083575 0.84523808956146251 0.84523808956146251 0.061795137822628028 7.0348284244537362 0.099104430526494994 2.8617925643920903 0.0017738359747454526 0.045276286080479629 5.1845848560333261 0.26709665358066564 1.0000000180025095e-35 5.6046395301818857 0.99784985184669506 0.9998215138912202
decision_type=2 2 2 2 2 2 2 2 2 2 2 2 2 2 2 2 2 2 2 2 2 2
left_child=1 6 14 7 8 -4 -1 -2 11 10 17 13 -12 -5 -3 -16 -17 -7 -10 -9 21 -21
right_child=3 2 5 4 -6 9 -8 19 18 -11 12 -13 -14 -15 15 16 -18 -19 -20 20 -22 -23
leaf_value=0.051778487444771051 -0.030342288712526602 -0.047897553103785323 -0.040326828627868475 -0.0015963490235285679 0.037763942030083375 -0.0088123981466238614 -0.026000361446376345 0.034040312793788073 0.023587207572277873 0.0069579151608784827 -0.031500713839067745 -0.0024237212253888215 -0.0092796365927835644 0.022503727179173667 -0.044361208058406418 0.0055778601350739863 -0.030775841662827048 0.022215085491239045 0.039744355036457533 -0.031790871362323128 0.034832863636016377 0.017521019693819338
leaf_weight=275.1316554248333 256.14080372289754 2018.6167520616727 389.74130035868984 184.63146084539767 2747.466372117342 184.21178245003102 49.023453198664356 88.867356816539541 723.80638445059594 413.18186486558989 529.41091310032061 450.78895444137743 511.48710618478071 940.3958475706313 650.48398625439586 74.219959527690662 380.32571825824562 145.73605688384851 525.3445279164298 74.762581737071741 37.864640307147056 50.17515655932948
leaf_count=159 55218 746148 117425 4595 4140 15578 11406 410 7186 18071 112044 14155 30239 15012 253241 11801 109547 7024 1851 4691 268 806
internal_value=3.5934e-10 -0.0279524 -0.0321318 0.0258455 0.02906 -0.0151255 0.0397994 -0.00936844 0.0205431 -0.00952264 -0.0144972 0.0125679 -0.0206781 0.018559 -0.0439235 -0.0364809 -0.0248438 0.0050193 0.0305136 0.0121533 -0.000452311 -0.012075
internal_weight=11701.8 5621.57 5297.42 6080.24 5572.43 2173.77 324.155 507.811 2824.97 1784.03 1370.85 1575.82 1040.9 1125.03 3123.65 1105.03 454.546 329.948 1249.15 251.67 162.802 124.938
internal_count=1541015 1432683 1421118 108332 46939 300381 11565 61393 42799 182956 164885 33762 142283 19607 1120737 374589 121348 22602 9037 6175 5765 5497
is_linear=0
shrinkage=0.045


Tree=30
num_leaves=23
num_cat=0
split_feature=15 16 15 15 26 26 23 26 16 16 13 23 16 7 7 35 35 26 16 0 16 18
split_gain=3949.17 655.482 577.82 233.356 206.85 130.853 127.09 89.1981 73.7053 75.9965 66.7206 45.8984 41.2962 38.4269 41.7981 40.3232 32.0572 31.1743 35.7089 31.0674 44.758 30.5568
threshold=0.43348814547061926 1.0000000180025095e-35 0.74116367101669323 0.23379755765199664 0.00068804188049398373 0.047535972669720657 1.0000000180025095e-35 0.00029525315039791172 1.0000000180025095e-35 0.053908225148916251 0.95880207419395458 0.018862515687942508 0.20813781768083575 0.061795137822628028 0.58399230241775524 0.92857143282890331 0.58571431040763866 0.0017738359747454526 0.12131907418370248 0.030174182727932933 0.21867987513542178 5.9854507446289071
decision_type=2 2 2 2 2 2 2 2 2 2 2 2 2 2 2 2 2 2 2 2 2 2
left_child=1 6 4 17 21 12 -1 -5 -6 -10 -7 13 -4 -11 15 19 -9 -3 -19 -15 -21 -2
right_child=2 3 5 7 8 10 -8 16 9 11 -12 -13 -14 14 -16 -17 -18 18 -20 20 -22 -23
leaf_value=0.050696343190860423 0.00034815920415502628 -0.047994739978319101 -0.014234691240796885 -0.042522699413221836 0.049536400253609301 0.026216322876871003 -0.031302054511171455 -0.018197839131000693 -0.014964420229894934 0.027582428526861155 0.038014249972267641 0.034345217440973748 0.01608082359973776 0.010526715222268531 0.013164328372676443 0.035981014964547649 0.0067594224509337844 -0.039013948059608269 0.006357403704768878 -0.018544884547307516 0.010242099289027208 -0.041520774829598386
leaf_weight=213.16148626804352 42.098357666167431 1863.5039991230296 131.12181146949297 322.1474946981034 78.154297102824785 1732.8701903875626 42.868107118236367 969.44777031126432 288.42815752944443 169.62236396553635 2406.5695004483568 137.05777056911029 271.31512529629981 192.3240921691613 695.26555685876519 47.748075056355447 114.13140027481131 947.71611361487157 35.122809929598588 378.93205168494023 149.20452182958252 210.88612954510609
leaf_count=129 2799 720348 19252 106569 182 14157 11108 151373 32463 3058 3786 1181 4909 5491 14976 736 12271 342180 4572 23275 1834 64366
internal_value=-1.62671e-10 -0.0327645 0.0213173 -0.0369811 0.0033947 0.0307332 0.0366304 -0.0218602 0.00797331 0.00627916 0.0331129 0.00977298 0.00614996 0.00761221 0.00521155 -0.00202467 -0.0155502 -0.0443975 -0.0373686 -0.0047741 -0.0103925 -0.0346818
internal_weight=11439.7 4508.1 6931.6 4252.07 2389.72 4541.88 256.03 1405.73 2136.74 2058.58 4139.44 1770.15 402.437 1633.1 1463.47 768.209 1083.58 2846.34 982.839 720.461 528.137 252.984
internal_count=1541015 1348550 192465 1337313 150361 42104 11237 270213 83196 83014 17943 50551 24161 49370 46312 31336 163644 1067100 346752 30600 25109 67165
is_linear=0
shrinkage=0.045


Tree=31
num_leaves=23
num_cat=0
split_feature=15 16 15 15 26 31 26 24 26 24 27 34 24 24 18 16 13 35 9 20 24 26
split_gain=3732.46 674.741 432.377 357.743 242.93 133.453 119.779 60.5023 59.3938 57.5419 57.2141 52.8982 52.1666 47.6964 41.3201 40.2356 39.5038 39.4158 39.9774 65.9396 32.269 31.2931
threshold=0.50348442792892467 1.0000000180025095e-35 0.8972897231578828 0.23379755765199664 0.00070785588468424987 0.73214286565780651 0.0054024867713451394 1.0000000180025095e-35 0.00040159863419830805 1.0000000180025095e-35 0.84523808956146251 5.64367699623108 1.0000000180025095e-35 1.0000000180025095e-35 5.6046395301818857 0.14379341900348666 0.95880207419395458 0.77500000596046459 0.25811158120632177 0.75103172659873974 1.0000000180025095e-35 0.0017738359747454526
decision_type=2 2 2 2 2 2 2 2 2 2 2 2 2 2 2 2 2 2 2 2 2 2
left_child=1 8 4 21 14 10 15 17 20 16 11 -6 -13 -7 -2 -5 -4 18 -8 -20 -1 -3
right_child=2 3 9 6 5 13 7 -9 -10 -11 -12 12 -14 -15 -16 -17 -18 -19 19 -21 -22 -23
leaf_value=0.040253636309860161 0.010055718539355329 -0.047820987049772487 0.018295623970526857 -0.042238027036745951 0.017784384668614022 0.01773596047153796 -0.024731856911949918 0.0058259970702135141 0.047446191801843854 0.042874009291090698 0.039574206434427051 -0.0091454452466316807 0.01166504088532321 0.03505648341619718 -0.038105589191872832 -0.0087308890121927472 0.033312562522823996 0.02229842154771098 0.0091894115786596547 -0.036917497939619522 -0.029803912993103084 -0.037005057194609281
leaf_weight=15.309362366795538 40.852091110893525 1785.925755525619 484.07815649430268 429.61192165895045 368.44147544543375 817.87934032494377 649.1159487561381 322.59006018008222 228.09113929938758 1103.8297027291846 88.44005872606067 694.28268488269532 369.68357870358159 552.04570996426628 218.16144532247563 90.742682124226121 1592.8380632681656 46.276814647077117 206.50903356296476 84.442368341726251 33.969210242212284 954.4712743915079
leaf_count=10 1327 720348 5898 144342 7455 15160 104863 24941 2264 2031 769 36446 7227 3364 60264 12927 4040 2109 16290 13035 9153 346752
internal_value=-1.26854e-10 -0.029701 0.0227464 -0.0338441 0.0109024 0.0146549 -0.0183597 -0.0110233 0.037948 0.0344397 0.00544923 0.00321195 -0.00189393 0.0248178 -0.0304629 -0.0365336 0.0298648 -0.0165356 -0.0185551 -0.00458976 -0.006336 -0.0441281
internal_weight=11177.6 4847.06 6330.53 4569.69 3149.79 2890.77 1829.29 1308.93 277.37 3180.75 1520.85 1432.41 1063.97 1369.93 259.014 520.355 2076.92 986.344 940.067 290.951 49.2786 2740.4
internal_count=1541015 1397034 143981 1385607 132012 70421 318507 161238 11427 11969 51897 51128 43673 18524 61591 157269 9938 136297 134188 29325 9163 1067100
is_linear=0
shrinkage=0.045


Tree=32
num_leaves=23
num_cat=0
split_feature=15 16 15 25 15 31 23 26 24 13 35 18 34 31 34 10 24 11 31 35 26 16
split_gain=3526.1 598.533 529.316 239.961 222.513 127.694 121.651 82.7639 80.5046 75.7021 66.3219 60.809 58.614 55.4309 50.0281 46.6323 40.1922 37.0659 38.604 36.4151 31.7336 33.7051
threshold=0.43348814547061926 1.0000000180025095e-35 0.82231280207633983 1.4978661537170412 0.23379755765199664 0.84523808956146251 1.0000000180025095e-35 9.0626715973485275e-05 1.0000000180025095e-35 0.95880207419395458 0.92857143282890331 6.2074859142303476 5.8622088432312021 0.84523808956146251 6.2275238037109384 0.10927856341004373 1.0000000180025095e-35 0.85949784517288219 0.81666666269302379 0.58571431040763866 0.0017738359747454526 0.12131907418370248
decision_type=2 2 2 2 2 2 2 2 2 2 2 2 2 2 2 2 2 2 2 2 2 2
left_child=1 6 3 11 20 10 -1 -6 9 17 12 -2 -5 14 19 -14 -7 -4 -19 -9 -3 -22
right_child=2 4 8 5 7 16 -8 13 -10 -11 -12 -13 15 -15 -16 -17 -18 18 -20 -21 21 -23
leaf_value=0.050379535375345022 0.0015810607296035844 -0.047658950290979392 0.019787040916877007 0.014090365546984937 -0.042555925277040996 0.016008576735783549 -0.031067363300388472 -0.012817971805844869 0.040927783957279203 0.032496321325844651 0.039774029789619754 -0.039494720401651605 -0.013940516276317188 0.0048625831544537269 -0.029160391756046327 0.0047393341855162001 0.034536668481172497 -0.028033219410257652 0.017884353551591202 0.028397972686806792 -0.038284665216202128 0.0062046443139831863
leaf_weight=200.85851469635963 100.71532833750825 1713.0088686141826 669.80352779809618 472.8391792105831 289.027587599041 608.18287766397407 41.744269022572553 286.91637353919214 1286.9800627048244 1588.4598369134474 89.676690873457119 256.51843549258774 549.82988914371526 215.67474704005872 523.85915604396723 524.58631981082726 403.33712426191778 70.360913107550004 68.261043861682992 46.174622610968072 892.91418461575086 34.51575401732407
leaf_count=129 4645 720348 9473 12829 100710 12840 11108 39036 3667 4285 1554 73864 36926 14105 113252 23449 2740 4969 1224 3110 342180 4572
internal_value=-3.18751e-11 -0.0320589 0.020351 0.00632122 -0.0362257 0.0110018 0.0360207 -0.0213294 0.0317738 0.0267838 0.00321199 -0.0280522 0.000971619 -0.0154388 -0.0205467 -0.00484033 0.0235301 0.0154286 -0.00558677 -0.00676895 -0.0438527 -0.0366045
internal_weight=10934.2 4244.69 6689.55 3005.69 4002.09 2648.45 242.603 1361.65 3683.87 2396.89 1636.93 357.234 1547.26 1072.62 856.95 1074.42 1011.52 808.425 138.622 333.091 2640.44 927.43
internal_count=1541015 1348550 192465 168847 1337313 90338 11237 270213 23618 19951 74758 78509 73204 169503 155398 60375 15580 15666 6193 42146 1067100 346752
is_linear=0
shrinkage=0.045


Tree=33
num_leaves=23
num_cat=0
split_feature=15 16 15 25 13 26 24 23 18 31 35 7 16 31 27 25 26 26 20 25 34 20
split_gain=3321.63 668.179 456.074 296.151 211.007 123.752 121.806 117.39 81.851 61.2901 68.9492 59.0813 49.8806 48.4463 50.828 64.7517 44.1824 42.08 42.6457 40.9814 38.4888 35.8727
threshold=0.5674533247947694 1.0000000180025095e-35 0.25982768833637243 1.2424533367156985 0.95880207419395458 0.00029525315039791172 1.0000000180025095e-35 1.0000000180025095e-35 5.0867438316345224 0.84523808956146251 0.77500000596046459 0.061795137822628028 0.10701992735266687 0.92857143282890331 0.84523808956146251 8.6680564880371112 0.28046900033950811 0.0011673158733174207 0.00053589843446388852 4.8361558914184579 5.1845848560333261 0.87156710028648388
decision_type=2 2 2 2 2 2 2 2 2 2 2 2 2 2 2 2 2 2 2 2 2 2
left_child=1 7 17 8 6 -4 13 -1 -2 10 11 21 -13 14 15 16 -5 -3 -19 -11 -20 -7
right_child=3 2 5 4 -6 9 -8 -9 -10 19 -12 12 -14 -15 -16 -17 -18 18 20 -21 -22 -23
leaf_value=0.051215296103814263 0.017823425212173765 -0.047383188971912342 -0.038907874822216977 -0.011058982095370134 0.036418418082100369 0.0085986686509101646 0.02998196475064771 -0.024821801415928432 -0.032160451515084794 -0.014274463858058029 0.034732063270707443 -0.031224013777501211 -0.010460221659056424 0.019873353185631656 0.038662037705895463 -0.011931754980071731 0.017312985744068882 -0.04408113821395121 0.003601167732822771 0.015848224253027565 -0.030612833458446398 -0.029734372638713678
leaf_weight=246.208058193326 88.64626008272171 1657.0820460100367 347.28373183998156 138.31121922895545 2315.552834086222 243.96943846702925 1128.554995542916 46.025088480470004 230.41454406263074 133.09023801112198 51.207167384971399 519.09995106770657 437.01886181814189 775.36980145395501 80.054411235032603 389.69648378898273 505.89721299265511 540.76596681174851 77.860747412923956 267.44099006672332 417.64188106777146 56.689217690771329
leaf_count=159 1181 724481 117425 10225 4299 15261 8916 11406 48492 9416 1961 114741 25962 10181 638 19083 5317 241227 14744 8655 140285 6960
internal_value=3.05396e-10 -0.0265424 -0.0306137 0.0236753 0.0261958 -0.0146009 0.018305 0.0390238 -0.0182124 -0.00956097 -0.0142648 -0.0163908 -0.0218372 0.0112693 0.00521845 0.00245533 0.0111833 -0.0427864 -0.0352434 0.00578634 -0.0252544 0.0010028
internal_weight=10693.9 5041.38 4749.15 5652.5 5333.44 2055.8 3017.88 292.233 319.061 1708.52 1307.98 1256.78 956.119 1889.33 1113.96 1033.9 644.208 2693.35 1036.27 400.531 495.503 300.659
internal_count=1541015 1432683 1421118 108332 58659 300381 54360 11565 49673 182956 164885 162924 140703 45444 35263 34625 15542 1120737 396256 18071 155029 22221
is_linear=0
shrinkage=0.045


Tree=34
num_leaves=23
num_cat=0
split_feature=15 16 15 26 26 20 26 24 24 13 16 26 31 16 16 25 26 25 25 24 2 31
split_gain=3122.8 546.146 490.019 215.701 181.433 125.574 105.225 84.3026 68.8529 68.3835 58.3075 56.5253 56.0417 52.4308 42.3369 38.0439 61.3715 67.0651 36.0487 33.0639 32.4125 31.8443
threshold=0.43348814547061926 1.0000000180025095e-35 0.76443013548851024 0.0033616221044212584 0.00068804188049398373 2.5109719899774067e-05 0.047535972669720657 1.0000000180025095e-35 1.0000000180025095e-35 0.95880207419395458 0.062994252890348448 0.0012289215810596945 0.77500000596046459 1.0000000180025095e-35 0.10099329426884653 8.7902135848999041 0.28046900033950811 7.0143423080444345 7.4100408554077157 1.0000000180025095e-35 0.050169499590992934 0.92857143282890331
decision_type=2 2 2 2 2 2 2 2 2 2 2 2 2 2 2 2 2 2 2 2 2 2
left_child=1 11 4 -3 -2 12 -4 13 9 18 15 19 -5 -6 -15 16 -7 -18 -8 -1 -12 -9
right_child=2 3 6 5 7 10 8 21 -10 -11 20 -13 -14 14 -16 -17 17 -19 -20 -21 -22 -23
leaf_value=0.039933601570404598 -0.033397551399606117 -0.045516925041027598 0.0054532842145113523 -0.043437248726285897 0.049712844824630835 -0.032026931502687983 0.030243255136361571 0.011830188144264288 0.03951745478580794 0.032594471585583491 0.0095881300446246584 0.047152454333948282 0.0077186313717752461 -0.012699064733149976 0.0045221081477491614 -0.035623642801066543 0.039654062868428791 -0.015637240542940883 0.010526361105027008 -0.030559724787614078 -0.013603715280881867 0.030827617040388885
leaf_weight=15.776856720447539 238.69177411380224 2005.1669591731279 353.14425712809316 587.51644732873683 38.78241765499115 173.53008147733635 269.2665292682359 446.58247162745101 1328.1510968903021 1430.511974069901 225.84514718363062 179.01575096437591 45.295359102776274 395.82727062398044 1031.927230610876 284.67560051829787 65.820618247234961 114.4754637053702 627.30750507483026 33.642840658896603 254.18415986804757 305.57684785767924
leaf_count=11 70003 878134 20443 244949 24 48096 1255 11299 3086 2877 13828 1490 3942 43320 29115 99065 3201 21628 8450 9736 24470 2593
internal_value=-3.5652e-10 -0.0313111 0.0193068 -0.035426 0.00347364 -0.0237759 0.028997 0.00750649 0.0312611 0.0264743 -0.0146053 0.0356654 -0.0397438 0.00120657 -0.000279904 -0.0234607 -0.0133148 0.00507328 0.0165828 -0.00645391 -0.00270601 0.0197008
internal_weight=10450.7 3984.95 6465.77 3756.51 2457.39 1751.34 4008.38 2218.7 3655.24 2327.09 1118.53 228.435 632.812 1466.54 1427.75 638.502 353.826 180.296 896.574 49.4197 480.029 752.159
internal_count=1541015 1348550 192465 1337313 156354 459179 36111 86351 15668 12582 210288 11237 248891 72459 72435 171990 72925 24829 9705 9747 38298 13892
is_linear=0
shrinkage=0.045


Tree=35
num_leaves=23
num_cat=0
split_feature=15 16 15 15 25 25 31 31 34 27 8 34 25 24 18 18 24 10 24 16 24 25
split_gain=2946.08 611.197 427.653 291.026 204.915 122.487 111.111 67.4944 70.7954 65.3102 58.0613 54.7272 46.9016 39.1732 39.118 38.154 36.6793 34.5533 34.3183 30.9616 30.2871 29.7671
threshold=0.5674533247947694 1.0000000180025095e-35 0.23379755765199664 0.96491318941116344 2.0126758217811589 0.89587974548339855 0.84523808956146251 0.84523808956146251 5.2496488094329843 0.84523808956146251 0.087808258831501021 7.0044279098510751 0.89587974548339855 1.0000000180025095e-35 5.0867438316345224 3.5110765695571904 1.0000000180025095e-35 0.14615547657012942 1.0000000180025095e-35 0.040966989472508437 1.0000000180025095e-35 4.8361558914184579
decision_type=2 2 2 2 2 2 2 2 2 2 2 2 2 2 2 2 2 2 2 2 2 2
left_child=1 12 -3 4 14 15 9 8 -7 11 17 13 20 -6 -2 -4 -5 -10 -8 -12 -1 -9
right_child=3 2 5 16 6 7 18 21 10 -11 19 -13 -14 -15 -16 -17 -18 -19 -20 -21 -22 -23
leaf_value=0.040761829506084556 0.0066126836402405111 -0.043041944557134358 0.016348533713395147 0.029912015732995016 0.0054698728900658246 0.007000235534034417 0.020577915517173528 -0.011363670858267323 -0.032848064066885396 0.042053438987633071 -0.026712341420942358 -0.0069346957637062799 0.04689699259220028 0.02466594636069433 -0.030904727338604474 -0.040161787634609605 0.04193478145724585 -0.0052663286723788963 0.036372282777510249 0.00049217056515810033 -0.026983047378283644 0.014787951485040012
leaf_weight=16.251448050141335 72.213356932450552 2353.3520507673311 23.146337253623642 1619.7525756625255 618.85989408309979 245.80226846401638 699.2809444898885 125.46832723083207 534.47705217523617 106.15794495143928 110.14642540999921 438.48972311674152 229.08600067763473 328.41639453094103 227.34457266362733 395.7530523263431 835.5094382512616 113.44890770310303 497.97499591339147 319.89964966665138 31.035425071051577 269.52399863141181
leaf_count=12 1416 1067100 2268 4742 18055 17671 9048 10108 110035 643 28985 16870 3344 3145 51145 140376 1183 13318 2085 22040 8209 9217
internal_value=-1.5186e-10 -0.0258149 -0.0298199 0.0226094 0.013145 -0.0151972 0.0170822 -0.00982022 -0.0146788 0.00884185 -0.0196316 0.0061556 0.0386385 0.0122196 -0.0219005 -0.0368833 0.0340802 -0.0280959 0.0272712 -0.00670256 -0.00202915 0.00644274
internal_weight=10211.4 4767.39 4491.02 5444 2988.74 2137.67 2689.18 1718.77 1323.77 1491.92 1077.97 1385.77 276.373 947.276 299.558 418.899 2455.26 647.926 1197.26 430.046 47.2869 394.992
internal_count=1541015 1432683 1421118 108332 102407 354018 49846 211374 192049 38713 174378 38070 11565 21200 52561 142644 5925 123353 11133 51025 8221 19325
is_linear=0
shrinkage=0.045


Tree=36
num_leaves=23
num_cat=0
split_feature=15 16 15 26 26 25 20 23 31 24 34 31 16 34 31 25 24 0 16 14 16 16
split_gain=2775.1 496.38 456.645 212.589 143.568 122.316 115.533 110.175 80.4765 77.3516 67.2965 55.9645 53.6613 50.8885 59.6037 35.4678 33.0611 42.307 44.9361 32.6874 32.2331 31.7843
threshold=0.43348814547061926 1.0000000180025095e-35 0.74116367101669323 0.0033616221044212584 0.0015880338614806535 1.2424533367156985 2.5109719899774067e-05 1.0000000180025095e-35 0.84523808956146251 1.0000000180025095e-35 6.6522173881530771 0.77500000596046459 1.0000000180025095e-35 5.1845848560333261 0.92857143282890331 3.113268375396729 1.0000000180025095e-35 0.14996735006570819 0.2302278354763985 0.16983444243669513 0.040966989472508437 0.13319610059261325
decision_type=2 2 2 2 2 2 2 2 2 2 2 2 2 2 2 2 2 2 2 2 2 2
left_child=1 7 4 21 -2 19 11 -1 10 12 -7 -5 -6 -8 20 -16 17 -12 -19 -4 -15 -3
right_child=2 3 5 6 9 8 13 -9 -10 -11 16 -13 -14 14 15 -17 -18 18 -20 -21 -22 -23
leaf_value=0.049912308251655824 -0.029987979478233024 -0.046764126492314248 -0.019310824760780162 -0.042835611265961734 0.049409530123478929 0.029266064900894843 0.0082816515497112515 -0.030082281697296178 0.035243700884552281 0.018309688365290476 0.020168828142544757 0.0080131673793170689 -0.0020430025103389533 -0.033452529738461564 -0.031808609811334793 0.016825306809181234 0.024060683832544484 -0.040327010292247362 0.0025777883108913549 0.025864507730630933 -0.014440842309842305 -0.021874626300278355
leaf_weight=176.92287240922451 246.76647794805467 1731.4426374925388 137.02192887209821 545.55224005933997 37.42346715927124 1057.3170871698821 170.90147074649576 39.567565599922091 2049.2702866382024 680.88788219497656 190.76121321762912 46.057016479899175 1259.5353915466985 354.88827246311121 34.264274329325417 130.46911558188731 261.06218426284613 58.722098395519424 218.11029912644881 37.371396883158013 389.85569558919815 124.27133621871508
leaf_count=129 72053 845514 18099 244949 24 6938 18937 11108 7605 12686 2144 3942 65598 129537 4379 7117 1555 4037 1517 209 50318 32620
internal_value=2.80389e-10 -0.0305985 0.0183868 -0.0346645 0.00202775 0.0274492 -0.022915 0.0349428 0.0291245 0.00608775 0.0220244 -0.038843 -0.000374302 -0.0140542 -0.0182737 0.00607051 0.0113886 0.00413396 -0.00707722 -0.00917897 -0.023663 -0.0451606
internal_weight=9978.44 3744.19 6234.25 3527.7 2224.61 4009.64 1671.99 216.49 3835.24 1977.85 1785.97 591.609 1296.96 1080.38 909.477 164.733 728.656 467.594 276.832 174.393 744.744 1855.71
internal_count=1541015 1348550 192465 1337313 150361 42104 459179 11237 23796 78308 16191 248891 65622 210288 191351 11496 9253 7698 5554 18308 179855 878134
is_linear=0
shrinkage=0.045


Tree=37
num_leaves=23
num_cat=0
split_feature=15 16 15 15 26 26 23 24 24 18 24 26 16 11 27 1 11 6 26 16 18 11
split_gain=2622.95 559.253 402.607 267.53 178.422 115.207 106.352 85.5983 56.8834 46.3205 36.0175 34.9083 33.6757 32.4552 30.9486 45.5271 30.7851 38.3813 35.3034 30.3078 28.1451 28.0315
threshold=0.5674533247947694 1.0000000180025095e-35 0.23379755765199664 0.96491318941116344 0.012113077100366356 0.00062440268811769794 1.0000000180025095e-35 1.0000000180025095e-35 1.0000000180025095e-35 5.6046395301818857 1.0000000180025095e-35 0.0017738359747454526 0.041958741843700416 0.87703788280487072 0.73214286565780651 0.12739877402782443 0.1783871799707413 0.98503032326698314 0.61475160717964183 0.12131907418370248 5.9854507446289071 0.13290657103061679
decision_type=2 2 2 2 2 2 2 2 2 2 2 2 2 2 2 2 2 2 2 2 2 2
left_child=1 6 11 4 9 20 -1 14 12 -2 13 -3 -7 -5 15 -6 17 -10 -18 21 -4 -13
right_child=3 2 5 10 7 8 -8 -9 16 -11 -12 19 -14 -15 -16 -17 18 -19 -20 -21 -22 -23
leaf_value=0.050787464157342699 0.016589940662631308 -0.047005533150823481 -0.0097083628733673506 0.031229237607328379 0.01817708519017356 -0.027118387049358834 -0.023898946748458001 0.027073102113295475 -0.020196578339246277 -0.025099150353691157 0.040992865743547477 -0.041058798085697124 -0.010183076304396873 0.011035464127645399 0.024736287031040124 0.0010513923431299374 -0.01317485859955232 0.018130755870612004 0.028131768288787884 0.0071264692669031392 -0.042822156915748401 -0.019617347402995946
leaf_weight=218.49550978839397 62.551372788788285 1390.3538332548487 66.394133592169965 1351.239541745148 494.19975858532416 317.80551220085181 43.556747683003778 977.57906678654399 147.34466386573331 286.39303477099747 788.85726060892921 583.50809353738441 952.63744010821392 191.04209505909239 243.61626868339954 850.64162465534173 54.321081460133428 76.443922243197449 147.6953234692046 32.461522740755754 309.91950833244846 174.745332198916
leaf_count=159 1179 720348 18859 3325 9084 91965 11406 7455 18697 58429 1183 270227 83582 1417 2680 23580 4569 2992 4951 4572 128403 71953
internal_value=3.87387e-11 -0.0251272 -0.0290663 0.021632 0.012511 -0.0148109 0.0381585 0.0166178 -0.00975273 -0.0174972 0.0329861 -0.0425476 -0.0145092 0.0287716 0.0101185 0.00738873 0.00444248 -0.00699423 0.0169747 -0.0344628 -0.0371837 -0.0362783
internal_weight=9761.8 4515.68 4253.63 5246.12 2914.98 2072.56 262.052 2566.04 1696.25 348.944 2331.14 2181.07 1270.44 1542.28 1588.46 1344.84 425.805 223.789 202.016 790.715 376.314 758.253
internal_count=1541015 1432683 1421118 108332 102407 354018 11565 42799 206756 59608 5925 1067100 175547 4742 35344 32664 31209 21689 9520 346752 147262 342180
is_linear=0
shrinkage=0.045


Tree=38
num_leaves=23
num_cat=0
split_feature=15 15 16 26 26 25 23 20 16 13 18 23 34 18 36 8 16 26 25 9 9 1
split_gain=2467.55 490.697 434.898 167.521 141.804 110.569 106.098 85.0669 81.0271 78.3233 60.557 49.4517 49.1883 42.8377 42.2508 112.945 35.9516 33.8699 37.462 33.0061 29.5426 29.4713
threshold=0.38080769777297979 0.74116367101669323 1.0000000180025095e-35 0.0015408343751914801 0.0026560471160337333 1.2424533367156985 1.0000000180025095e-35 2.5109719899774067e-05 1.0000000180025095e-35 0.95880207419395458 5.6046395301818857 0.018862515687942508 5.1845848560333261 6.2074859142303476 0.96666666865348827 1.0000000180025095e-35 0.040966989472508437 0.28046900033950811 7.996307611465455 0.12250771746039392 0.22233408689498904 0.29573802649974829
decision_type=2 2 2 2 2 2 2 2 2 2 2 2 2 2 2 2 2 2 2 2 2 2
left_child=2 3 6 13 -4 10 -1 20 -5 21 -3 14 -9 -2 15 -10 -14 -16 -19 -17 -6 -7
right_child=1 5 4 8 7 9 -8 12 11 -11 -12 -13 16 -15 17 19 -18 18 -20 -21 -22 -23
leaf_value=0.049590609832178695 0.0028598269689491277 0.026926073363370683 -0.045218474407787743 0.048030052192548238 -0.042526478329981111 0.026791900185301209 -0.033009584336963438 0.006675378799303769 0.0024010736261334499 0.034061733261978415 -0.027880832738082742 0.028375303596948415 -0.031913768614002622 -0.040033278218715634 -0.010640454609170699 -0.048106752123054389 -0.01184307642354147 0.029194720420638334 0.0062742425289237036 -0.01012528791855034 0.00064207771104659705 0.014678325055856124
leaf_weight=153.3777128495276 58.324207206605934 58.104577251127921 1622.8009172870188 79.998224811279215 495.8546421907231 828.88821409656521 35.568605310021667 147.65227229175798 891.09882557281526 2003.2052867308084 111.65857546596089 141.94992536568316 351.83903066230414 227.7861873202346 147.46205094075412 126.73607116380299 385.52641522427439 197.61626896559028 516.76649613064365 76.464884132263251 34.143366812088061 846.53396105088177
leaf_count=120 5994 349 842029 211 237113 7018 10916 18309 46182 4167 17959 1800 134170 86898 10574 13653 48199 2057 25407 5190 10089 12611
internal_value=2.65366e-10 0.0163607 -0.0319826 0.00067642 -0.0361097 0.0263898 0.0335912 -0.025541 0.00495092 0.0280277 -0.00888849 0.00319807 -0.016847 -0.0313905 0.00130337 -0.00455804 -0.0215704 0.00872907 0.0127735 -0.0344007 -0.0397655 0.0207332
internal_weight=9539.36 6312.59 3226.76 2464.2 3037.82 3848.39 188.946 1415.02 2178.09 3678.63 169.763 2098.09 885.018 286.11 1956.14 1094.3 737.365 861.845 714.383 203.201 529.998 1675.42
internal_count=1541015 240070 1300945 197966 1289909 42104 11036 447880 105074 23796 18308 104863 200678 92892 103063 65025 182369 38038 27464 18843 247202 19629
is_linear=0
shrinkage=0.045


Tree=39
num_leaves=23
num_cat=0
split_feature=15 15 26 26 26 18 24 9 31 34 21 26 31 35 18 20 31 6 30 34 24 18
split_gain=2323.17 466.397 239.165 158.514 104.227 103.923 79.9496 75.1028 73.9177 55.2971 43.1434 42.3311 40.994 51.437 40.6086 36.3575 35.6916 35.0578 34.5138 31.1205 30.2404 30.1508
threshold=0.38080769777297979 0.74116367101669323 0.0026560471160337333 0.0015408343751914801 0.047535972669720657 9.7430734634399432 1.0000000180025095e-35 0.15745875984430316 0.84523808956146251 6.9953081607818612 0.00028516619931906467 0.61475160717964183 0.92857143282890331 0.77500000596046459 6.2074859142303476 0.61593371629714977 0.18333333730697635 1.0000000180025095e-35 3.1984648704528813 5.8215644359588632 1.0000000180025095e-35 2.7362614870071416
decision_type=2 2 2 2 2 2 2 2 2 2 2 2 2 2 2 2 2 2 2 2 2 2
left_child=2 3 21 14 -3 7 12 10 9 20 -4 -7 13 16 -2 17 -5 -9 -11 -12 -6 -1
right_child=1 4 5 6 8 11 -8 15 -10 18 19 -13 -14 -15 -16 -17 -18 -19 -20 -21 -22 -23
leaf_value=0.026536317770027372 0.0023434966885870459 0.0029069949152390065 -0.039595671413567776 0.0095640340772631185 0.020749090396328787 -0.0031199498970941588 0.016812494700558223 0.025120326638710437 0.034548402192148074 -0.016334747672623093 -0.0017187762084039774 0.042047814897111166 0.0096796497978257692 0.033373759032395221 -0.039664223332848282 -0.025157454964288457 -0.01334117622408354 -0.0089258884986738295 0.013920184862148181 -0.026827937015222882 0.03636753962768971 -0.044222749336750779
leaf_weight=9.2237960927304794 58.028603050508536 364.55017106705054 457.58343185365811 164.27533307220438 765.21237267513061 111.06978735773009 727.26455263745447 94.824273343590903 1803.1670679594681 92.999723640677985 136.51579094826593 61.977229022275424 452.01936894225946 56.287441989814397 220.97174344075029 123.0124037238711 758.87558572390117 153.99485781698604 346.82968827703735 375.69674873833719 399.19841164865647 1596.9117667358369
leaf_count=1476 5994 24161 222269 7318 6074 22886 16844 11961 5554 1508 23037 1648 12445 1523 86898 25058 66944 34029 3634 107897 1173 850684
internal_value=5.53886e-10 0.0159162 -0.0316444 0.000570283 0.02582 -0.0187216 0.00471795 -0.0229498 0.0282636 0.0211141 -0.0295168 0.0137835 -0.00146392 -0.00662982 -0.0310397 -0.00565775 -0.00923561 0.00428828 0.00741123 -0.0202171 0.0262362 -0.0437353
internal_weight=9330.49 6209.68 3120.81 2437.72 3771.96 1514.67 2158.72 1341.63 3407.41 1604.24 969.796 173.047 1431.46 979.438 279 371.832 923.151 248.819 439.829 512.213 1164.41 1606.14
internal_count=1541015 240070 1300945 197966 42104 448785 105074 424251 17943 12389 353203 24534 88230 75785 92892 71048 74262 45990 5142 130934 7247 852160
is_linear=0
shrinkage=0.045


Tree=40
num_leaves=23
num_cat=0
split_feature=16 26 16 13 21 24 16 16 26 31 12 31 27 24 11 26 26 21 10 31 30 31
split_gain=2091.23 596.885 396.262 233.315 166.354 139.838 81.0347 66.3215 65.7222 53.7492 52.6419 45.511 64.0181 40.4557 36.4569 36.6227 35.958 35.4848 33.9831 30.8634 29.5745 28.3426
threshold=0.13640753924846652 0.0026560471160337333 1.0000000180025095e-35 0.95880207419395458 0.074967641383409514 1.0000000180025095e-35 0.056115049868822105 1.0000000180025095e-35 0.00013185680290916937 0.84523808956146251 0.086533412337303175 0.92857143282890331 0.84523808956146251 1.0000000180025095e-35 0.068730890750885024 0.28046900033950811 0.88059693574905407 0.16821729391813281 0.085449848324060454 0.84523808956146251 3.1567740440368657 0.73214286565780651
decision_type=2 2 2 2 2 2 2 2 2 2 2 2 2 2 2 2 2 2 2 2 2 2
left_child=1 7 -3 5 9 8 14 -1 -2 18 -8 12 17 20 -6 -16 -17 -10 -4 -7 -5 -12
right_child=3 2 4 13 6 19 10 -9 11 -11 21 -13 -14 -15 15 16 -18 -19 -20 -21 -22 -23
leaf_value=0.0035715892187137836 -0.02345006035668331 0.048924137512981018 -0.040497897768879965 0.016722842474518235 -0.030011549838023063 0.017672257515382258 0.01585629892624852 -0.045291276234087539 -0.024782610179995081 0.004167148245655815 -0.013455607426750673 0.016085610176140314 0.037779940765506857 0.041322420556505784 -0.025199797070898419 0.019894150693451455 -0.012293849677999182 0.0011828443237064258 -0.00045292833593805966 0.033927889655809264 0.031718978964506962 0.0072868425356612298
leaf_weight=57.512944917718414 148.8844762141307 212.27698442339897 565.64468569630117 400.31389672256773 295.91939026192995 511.10737429634901 343.41677019104827 1640.2763078217686 116.84878154791659 68.792803853779333 377.56242047683918 699.01400885435578 84.123859412356978 655.2484246538661 182.29245990906202 111.14897840563208 172.96901674155379 847.56079125525139 46.525964227475924 475.72115164090064 930.60657217286644 200.87678550454439
leaf_count=10725 31463 1105 275341 1767 75079 8637 11922 911587 8903 6342 36772 10767 915 1083 43092 4053 45960 24023 15902 4461 2485 8631
internal_value=-2.43675e-10 -0.0229521 -0.00927287 0.0201541 -0.0145884 0.0119457 -0.00695651 -0.0436304 0.00477099 -0.0332754 0.00202532 0.00723536 0.00128692 0.0320101 -0.0177603 -0.00975153 0.000424605 -0.00207475 -0.0374827 0.0256402 0.0272879 -0.00625158
internal_weight=9144.64 4275.22 2577.43 4869.43 2365.15 2883.26 1684.19 1697.79 1896.43 680.963 921.856 1747.55 1048.53 1986.17 762.33 466.41 284.118 964.41 612.171 986.829 1330.92 578.439
internal_count=1541015 1446511 524199 94504 523094 89169 225509 922312 76071 297585 57325 44608 33841 5335 168184 93105 50013 32926 291243 13098 4252 45403
is_linear=0
shrinkage=0.045


Tree=41
num_leaves=23
num_cat=0
split_feature=15 16 15 15 25 31 23 26 31 35 16 31 24 24 16 26 1 11 20 20 25 11
split_gain=2057.88 476.702 354.219 226.717 158.299 108.213 97.4622 94.609 49.5514 64.0633 48.2805 46.4409 41.4809 40.8497 40.6189 38.4717 35.6232 35.3217 34.6759 33.1343 30.7536 30.0497
threshold=0.5674533247947694 1.0000000180025095e-35 0.23379755765199664 0.96491318941116344 2.0126758217811589 0.73214286565780651 1.0000000180025095e-35 0.00029525315039791172 0.84523808956146251 0.77500000596046459 0.21867987513542178 1.0000000180025095e-35 1.0000000180025095e-35 1.0000000180025095e-35 0.10701992735266687 0.0017738359747454526 0.043739577755332 0.87703788280487072 0.014564456883817913 0.87156710028648388 2.9174053668975835 0.13290657103061679
decision_type=2 2 2 2 2 2 2 2 2 2 2 2 2 2 2 2 2 2 2 2 2 2
left_child=1 6 15 4 -2 10 -1 -4 9 11 16 19 -7 17 -13 -3 -6 -5 -18 -9 -10 -17
right_child=3 2 7 13 5 12 -8 8 20 -11 -12 14 -14 -15 -16 21 18 -19 -20 -21 -22 -23
leaf_value=0.050721045915729748 -0.021089649304790511 -0.046596237762013798 -0.03644854168690239 0.028884924237575871 0.013261113620962741 0.016942727261492447 -0.023439959871974624 0.0071657958327055286 -0.0223085984189807 0.03399342387179187 0.016120647236420465 -0.029684286985606993 0.033667291434654717 0.039826722080971981 -0.010442188905833309 -0.038013247927932363 -0.048006814197227625 0.0071233190164260579 -0.0048388686455128884 -0.030520980237838446 0.010461548375296279 -0.015962658823601619
leaf_weight=195.83710964769125 272.6637996523641 1170.8806296509138 313.52556772958997 1224.6070621185354 216.91813804399862 744.61234236821474 40.589282254048157 234.58068923524115 65.951447144034319 49.628089428850217 494.7230048875208 493.0064724075346 525.14989142751438 699.57547188687022 415.75400293481653 530.18471683175449 35.946458757447544 176.62076782147051 497.11222589499084 53.845239697780926 315.3941276800324 177.37896533811727
leaf_count=159 52561 720348 140256 3325 4145 11710 11406 18486 7144 2164 4471 136311 2634 1183 28094 272631 2982 1417 23904 8492 13071 74121
internal_value=1.27664e-10 -0.0236777 -0.027525 0.0196546 0.0112089 0.0147462 0.0377674 -0.0139928 -0.00957028 -0.0138989 0.00528397 -0.0160173 0.0239646 0.0308062 -0.0209864 -0.0414384 -0.00192388 0.026177 -0.00816893 -0.000270011 0.00457878 -0.0326362
internal_weight=8944.49 4056.56 3820.13 4887.93 2787.13 2514.46 236.426 1941.69 1628.16 1246.81 1244.7 1197.19 1269.76 2100.8 908.76 1878.44 749.977 1401.23 533.059 288.426 381.346 707.564
internal_count=1541015 1432683 1421118 108332 102407 49846 11565 354018 213762 193547 35502 191383 14344 5925 164405 1067100 31031 4742 26886 26978 20215 346752
is_linear=0
shrinkage=0.045


Tree=42
num_leaves=23
num_cat=0
split_feature=15 15 16 25 26 26 23 31 16 34 20 31 35 25 26 25 1 24 27 25 34 31
split_gain=1938.13 399.108 370.387 135.323 135.228 110.768 96.014 95.6454 82.0292 81.0996 76.326 54.269 47.6043 47.1677 64.4942 53.9352 44.2207 42.6179 39.2687 46.5814 37.1228 34.4609
threshold=0.38080769777297979 0.68187072873115551 1.0000000180025095e-35 1.2424533367156985 0.0026560471160337333 0.00068804188049398373 1.0000000180025095e-35 0.84523808956146251 1.0000000180025095e-35 7.3041794300079355 2.5109719899774067e-05 0.92857143282890331 0.77500000596046459 8.7902135848999041 0.28046900033950811 6.7956001758575448 0.61199858784675609 1.0000000180025095e-35 0.73214286565780651 8.7162022590637225 5.4004201889038095 0.73214286565780651
decision_type=2 2 2 2 2 2 2 2 2 2 2 2 2 2 2 2 2 2 2 2 2 2
left_child=2 5 6 -3 -4 -2 -1 9 -7 17 21 12 20 14 -12 -16 -11 18 19 -5 -10 -6
right_child=1 3 4 7 10 8 -8 -9 11 16 13 -13 -14 -15 15 -17 -18 -19 -20 -21 -22 -23
leaf_value=0.049594844391992236 -0.033446804581592146 -0.01330427865372278 -0.044481813250821046 0.018907053654394504 -0.042097051035467292 0.047505231949599977 -0.032001862466685016 0.031657762387250266 0.0082868306951178073 0.0037614033405913515 -0.024102974026561939 0.011197488371837165 0.031854378882830423 -0.029524617722102471 0.038378582968927204 -0.0049153675579035449 -0.041853643601101324 0.032068593670162279 0.035409167883396493 -0.0041350634529461602 -0.012510886215946098 0.0038716547037149023
leaf_weight=136.57484580948949 199.06206076488888 196.49064499622909 1374.1760451737737 567.23599527959595 428.4739021575806 70.408275349531323 33.07925258364412 1953.0989462043508 214.21777058464068 270.97234449128155 243.14004009080236 539.21150022058282 58.395786754554138 309.82204382040072 76.046703997897566 204.11996099488169 46.026085037010489 516.30763844828471 170.20481638624915 255.39245555541129 852.59625609678915 34.877427046565572
leaf_count=120 78104 27124 842029 6380 241964 231 10916 9696 8758 5582 63501 14487 1665 104152 3228 29797 1255 2555 1130 6879 76224 5238
internal_value=-8.95559e-10 0.014681 -0.0305177 0.0228287 -0.0346215 -0.00208489 0.0332244 0.0247224 0.0015995 0.0172387 -0.0240395 -0.000478868 -0.00609908 -0.0157414 -0.00737897 0.00730294 -0.00340866 0.0215726 0.015981 0.0117717 -0.0083155 -0.0386325
internal_weight=8749.93 5909.62 2840.31 3975.73 2670.66 1933.89 169.654 3779.24 1734.83 1826.14 1296.48 1664.42 1125.21 833.129 523.307 280.167 316.998 1509.14 992.833 822.628 1066.81 463.351
internal_count=1541015 240070 1300945 60601 1289909 179469 11036 33477 101365 23781 447880 101134 86647 200678 96526 33025 6837 16944 14389 13259 84982 247202
is_linear=0
shrinkage=0.045


Tree=43
num_leaves=23
num_cat=0
split_feature=15 15 16 26 25 26 24 16 21 15 18 24 25 26 25 26 25 31 38 31 16 26
split_gain=1816.48 374.946 352.137 133.663 129 106.158 95.0652 79.1413 73.1766 68.2657 54.6192 54.5217 44.4108 60.4964 51.2164 39.0735 36.183 35.5912 33.7749 33.2501 32.0099 25.7619
threshold=0.38080769777297979 0.68187072873115551 1.0000000180025095e-35 0.0026560471160337333 1.2424533367156985 0.00068804188049398373 1.0000000180025095e-35 1.0000000180025095e-35 0.00028516619931906467 0.96491318941116344 5.6046395301818857 1.0000000180025095e-35 8.7902135848999041 0.28046900033950811 6.7956001758575448 0.0012289215810596945 8.8935327529907244 0.77500000596046459 6.2547895908355722 0.73214286565780651 0.13640753924846652 9.0626715973485275e-05
decision_type=2 2 2 2 2 2 2 2 2 2 2 2 2 2 2 2 2 2 2 2 2 2
left_child=2 5 15 20 10 -2 9 -7 19 -6 -3 18 13 -10 -15 -1 -11 -18 -9 -5 -4 -22
right_child=1 4 3 8 6 7 -8 11 12 16 -12 -13 -14 14 -16 -17 17 -19 -20 -21 21 -23
leaf_value=-0.0052074389676010444 -0.033159276218637151 0.020919093723745993 -0.046168382107886749 -0.041770897544077604 0.010376136068135079 0.047031926023698579 0.033775563334564725 0.002159715638891026 -0.023741080370701783 0.030200061010680911 -0.029083883052049619 0.011368895639649245 -0.029037996747032054 0.037124589210842961 -0.0051110477844565246 0.045137967408296537 -0.007501341930901545 0.022932854059031654 -0.013437084806966688 0.0035884452251807959 -0.034931768805025271 0.012997916457084299
leaf_weight=39.924939525430091 194.82139801949961 60.788435383699834 1228.359294289854 411.1030533590565 1105.8448058636423 68.963146433176007 1320.9546041581052 526.3726598265639 238.38850148829806 949.22942270342901 133.29488326350111 524.07881256064866 302.61177800990117 76.056632460502442 202.28558914938185 123.88082943187328 113.69151804968715 228.49991239543306 595.57133528885606 34.697371423411823 53.3477128876184 33.740413182691555
leaf_count=9613 78104 558 813664 242036 24306 231 5743 34250 63538 2235 26566 15860 104086 3230 29757 1423 617 576 51024 5233 22048 6317
internal_value=5.3993e-11 0.0142254 -0.0301495 -0.034219 0.0221957 -0.00211749 0.0240634 0.00149499 -0.023619 0.0186526 -0.0132905 -0.000549521 -0.0154802 -0.00733819 0.00688125 0.0330763 0.0256724 0.0128588 -0.00614255 -0.0382399 -0.0442856 -0.016665
internal_weight=8566.51 5822.11 2744.4 2580.59 3912.3 1909.81 3718.22 1714.99 1265.14 2397.27 194.083 1646.02 819.343 516.731 278.342 163.806 1291.42 342.191 1121.94 445.8 1315.45 87.0881
internal_count=1541015 240070 1300945 1289909 60601 179469 33477 101365 447880 27734 27124 101134 200611 96525 32987 11036 3428 1193 85274 247269 842029 28365
is_linear=0
shrinkage=0.045


Tree=44
num_leaves=23
num_cat=0
split_feature=16 26 16 13 16 24 31 31 16 25 24 31 11 25 6 31 35 11 9 25 25 20
split_gain=1621.7 522.707 331.29 185.042 140.656 124.179 64.0528 75.2484 58.0945 52.0746 44.1414 40.8501 38.5739 35.9812 35.7281 33.4617 32.8352 31.689 29.3154 27.2029 26.6898 26.5157
threshold=0.13640753924846652 0.0026560471160337333 1.0000000180025095e-35 0.95880207419395458 0.023182515054941181 1.0000000180025095e-35 0.77500000596046459 0.18333333730697635 1.0000000180025095e-35 1.2424533367156985 1.0000000180025095e-35 0.73214286565780651 0.025036029517650608 4.7706487178802499 0.90903809666633617 0.84523808956146251 0.77500000596046459 0.87703788280487072 0.3241636604070664 2.9174053668975835 8.2090454101562518 2.5109719899774067e-05
decision_type=2 2 2 2 2 2 2 2 2 2 2 2 2 2 2 2 2 2 2 2 2 2
left_child=1 8 -3 5 14 9 7 12 -1 -2 17 18 -6 -7 -4 -15 21 -5 -11 -8 -14 -9
right_child=3 2 4 10 6 13 19 16 -10 11 -12 -13 20 15 -16 -17 -18 -19 -20 -21 -22 -23
leaf_value=0.0025417810686752789 -0.018471326693636755 0.047876344043701766 -0.036154171054185773 0.026905212895420999 -0.016973689527508981 -0.0005740853828005327 -0.025671347457897214 -0.037714712566286661 -0.044604942966994687 -0.0055829969996822769 0.039709181760188096 0.014301407771886931 0.025078676683386376 0.018042330758406996 -0.0055298409970953822 0.036434639210499949 0.025763904276921417 0.0037029599952650462 0.011890038276409682 0.013718575925178233 -0.003399115801756147 -0.016544222047661806
leaf_weight=54.465532961388817 184.373106797535 188.77428173576482 524.92880100826005 1077.7208137709385 109.802440478059 106.68109662503412 34.944045840325998 148.42817282694887 1390.9257226539412 607.09635666773102 582.31756637270155 732.15437159240537 166.28678123874124 429.36375871804194 92.62666798508144 405.82819501913036 27.973508879222209 135.90089341488783 279.95971108844969 340.69933917860908 107.3256176341165 656.28244385129074
leaf_count=10725 36390 1105 279777 3506 17318 7024 3725 64179 911587 23214 1083 10622 10136 4628 17987 1446 1533 746 5845 14417 15895 98127
internal_value=-1.9525e-10 -0.0214971 -0.00857938 0.018197 -0.0135005 0.0108187 -0.00638492 -0.0113931 -0.0428257 0.00387885 0.0294149 0.0064728 0.00505958 0.0240172 -0.0316422 0.027143 -0.0189539 0.0243329 -3.26776e-05 0.00976527 0.0140476 -0.0206579
internal_weight=8384.86 3843.46 2398.07 4541.4 2209.3 2745.46 1591.74 1216.1 1445.39 1803.58 1795.94 1619.21 383.415 941.873 617.555 835.192 832.684 1213.62 887.056 375.643 273.612 804.711
internal_count=1541015 1446511 524199 94504 523094 89169 225330 207188 922312 76071 5335 39681 43349 13098 297764 6074 163839 4252 29059 18142 26031 162306
is_linear=0
shrinkage=0.045


Tree=45
num_leaves=23
num_cat=0
split_feature=15 15 16 25 15 16 25 23 24 15 24 18 25 16 25 25 27 18 11 34 25 18
split_gain=1606.68 352.171 302.192 115.608 101.686 96.7797 92.7567 91.8327 91.5848 60.4099 50.3937 48.2991 35.6421 32.2341 32.0917 65.3791 28.5002 26.7876 37.1686 32.2959 26.1388 32.1656
threshold=0.36414934694767004 0.68187072873115551 1.0000000180025095e-35 1.2424533367156985 0.21902852505445483 1.0000000180025095e-35 1.2424533367156985 1.0000000180025095e-35 1.0000000180025095e-35 0.96491318941116344 1.0000000180025095e-35 5.6046395301818857 8.7162022590637225 0.093548052012920394 4.0689902305603036 7.3861021995544442 0.84523808956146251 3.620669007301331 0.13290657103061679 6.4417433738708505 7.4821059703826913 2.2942512035369877
decision_type=2 2 2 2 2 2 2 2 2 2 2 2 2 2 2 2 2 2 2 2 2 2
left_child=2 5 7 11 17 -2 13 -1 9 -5 20 -3 -11 -7 -6 -16 -13 18 -4 -20 21 -8
right_child=1 3 4 8 14 6 10 -9 -10 12 -12 16 -14 -15 15 -17 -18 -19 19 -21 -22 -23
leaf_value=0.049189335919536351 0.045555889341870132 0.019203093773619128 -0.03710110423808749 0.0096784365401243102 -0.031907118204320975 -0.043856019910076954 0.018558928436630973 -0.032382305514861591 0.032590152784887527 0.029955498575628455 0.010964172601814655 -0.04427202185059452 0.013729948082956427 -0.010206797250098603 0.017681837271653414 -0.02207329261047607 -0.0010062483690530463 -0.045093492745752847 0.017052752021158007 -0.037487909445893773 -0.011382915459863295 -0.0067015809105834346
leaf_weight=116.98437483981252 76.537786564207636 60.05300047446508 391.17335819874279 1084.7191446105571 316.06006694386087 140.48015052180563 157.76284011942334 32.439775198552525 1274.509403344804 798.23271402744285 514.11928818443266 78.805821661226219 437.48175686420291 101.83291080429626 104.05671537769376 366.59652685091714 49.148750244523399 1066.4191315249773 53.073151027114363 30.43926558959356 689.46038325832342 269.2013108162937
leaf_count=115 731 558 234189 24306 132268 69957 3615 10868 5743 1949 17203 23325 1479 16486 12628 95773 3241 757941 17073 22027 62194 27346
internal_value=-4.17407e-10 0.0130864 -0.0302472 0.0210845 -0.0342371 -0.00244895 -0.00452684 0.0310052 0.0228844 0.0174949 -0.000629851 -0.0130333 0.0242896 -0.0302071 -0.0208638 -0.0131904 -0.028316 -0.0409744 -0.031347 -0.00382135 -0.00599404 0.00273893
internal_weight=8209.59 5732.35 2477.24 3782.95 2327.82 1949.39 1872.86 149.424 3594.94 2320.43 1630.54 188.008 1235.71 242.313 786.713 470.653 127.955 1541.1 474.686 83.5124 1116.42 426.964
internal_count=1541015 258133 1282882 60601 1271899 197532 196801 10983 33477 27734 110358 27124 3428 86443 240669 108401 26566 1031230 273289 39100 93155 30961
is_linear=0
shrinkage=0.045


Tree=46
num_leaves=23
num_cat=0
split_feature=15 15 26 25 24 31 8 26 25 35 20 31 27 20 34 24 18 34 1 25 4 18
split_gain=1508.31 332.103 178.004 131.844 98.0835 80.8171 68.2434 65.4862 64.6611 59.7626 52.7593 51.4642 59.9924 42.4961 41.7105 34.8734 30.7793 29.5212 29.0169 28.6698 29.093 28.1878
threshold=0.36414934694767004 0.76443013548851024 0.0026560471160337333 1.2424533367156985 1.0000000180025095e-35 0.92857143282890331 0.12963555753231051 0.047535972669720657 8.7162022590637225 0.92857143282890331 0.61593371629714977 0.73214286565780651 0.84523808956146251 2.5109719899774067e-05 6.9758808612823495 1.0000000180025095e-35 6.2074859142303476 6.4289124011993417 0.37475316226482397 8.4647393226623553 0.6268652379512788 2.7362614870071416
decision_type=2 2 2 2 2 2 2 2 2 2 2 2 2 2 2 2 2 2 2 2 2 2
left_child=2 3 21 16 7 9 13 18 -9 14 -8 12 -10 -4 19 -15 17 -2 -3 -5 -21 -1
right_child=1 4 6 5 -6 -7 10 8 11 -11 -12 -13 -14 15 -16 -17 -18 -19 -20 20 -22 -23
leaf_value=0.028206706659120631 0.018155706936761603 0.021980071764575639 -0.034527630247894847 0.0086566304541047211 0.033241362705560863 0.016016371578897497 0.015352791286499481 0.026477684968552437 -0.016836243505926503 0.035715028097773598 -0.026768254015350535 0.017773617123197014 0.036670641484238257 -0.021105685698656788 -0.015245088503206734 0.0058122561892379335 -0.037400790602757042 -0.032788788155416144 -0.014259642682836837 -0.01113795557001605 0.029105095737154939 -0.04290206656400701
leaf_weight=8.195820361885124 46.948408794094576 54.012980177387362 396.51919419904152 488.24199894093908 1096.5953116727978 753.6231067031913 187.92156383112888 1072.8046981805528 216.84334122471046 74.871789220400387 82.572925790620502 491.25318418373354 47.586640254594386 419.05324590149394 462.18680487824895 124.13837071642047 202.43015339058184 36.514282310308772 182.0790555109561 376.69322901725536 35.412339148228057 1175.0303201832357
leaf_count=1440 2711 2700 236966 21916 5432 17847 29594 4486 4830 1880 20362 3134 132 128345 47879 23868 90412 5432 15397 33236 709 842307
internal_value=-7.49556e-11 0.0127056 -0.029894 0.00036236 0.0223612 0.00413266 -0.0176473 0.0165158 0.01939 -0.00213182 0.00224219 0.00922012 -0.00670535 -0.0233541 -0.00433449 -0.0149571 -0.0281069 -0.00472564 -0.00568485 0.00131964 -0.00737242 -0.0422929
internal_weight=8031.53 5638.1 2393.43 2476.92 3161.18 2191.03 1210.21 2064.58 1828.49 1437.41 270.494 755.683 264.43 939.711 1362.53 543.192 285.893 83.4627 236.092 900.348 412.106 1183.23
internal_count=1541015 258133 1282882 222022 36111 123467 439135 30679 12582 105620 49956 8096 4962 389179 103740 152213 98555 8143 18097 55861 33945 843747
is_linear=0
shrinkage=0.045


Tree=47
num_leaves=23
num_cat=0
split_feature=15 15 16 26 24 16 26 23 26 25 16 31 31 27 34 8 14 15 23 26 18 7
split_gain=1408.76 310.191 290.974 107.721 105.541 92.3142 91.424 85.696 80.9939 63.2841 53.8702 52.9472 43.1948 45.7428 39.0391 31.0001 31.0226 29.6784 27.4752 26.7937 25.1481 30.7218
threshold=0.36414934694767004 0.68187072873115551 1.0000000180025095e-35 0.00062440268811769794 1.0000000180025095e-35 1.0000000180025095e-35 0.0007759325671941043 1.0000000180025095e-35 0.047535972669720657 8.7162022590637225 0.049004089087247855 0.92857143282890331 0.92857143282890331 0.84523808956146251 6.4559841156005868 0.13387522101402285 0.066733129322528853 0.96491318941116344 0.0024706969270482664 0.08491071313619615 5.6046395301818857 0.94358637928962719
decision_type=2 2 2 2 2 2 2 2 2 2 2 2 2 2 2 2 2 2 2 2 2 2
left_child=2 5 7 -4 8 -2 -7 -1 20 17 15 14 13 -11 -8 -5 -17 -10 -16 -13 -3 -22
right_child=1 4 3 10 -6 6 11 -9 9 12 -12 19 -14 -15 18 16 -18 -19 -20 -21 21 -23
leaf_value=0.049634632792898391 0.045211002919689304 0.016178457746304949 -0.044624575302144941 -0.036200111916090134 0.030425756595822882 -0.034059404009910574 0.0022408194908298015 -0.031409345839076189 0.015340667384021657 -0.0087727104019829586 -0.012082615462533757 -0.0082084543732183421 0.017114146047989092 0.034981006897030549 -0.017378788156018746 0.011300943004917088 -0.030615365393104766 0.030114095768917992 0.018083931134580938 0.015918717945577816 -0.022283085911855682 0.015620196096050167
leaf_weight=112.5998025983572 73.912262511934387 68.334634387865663 977.44885765772051 602.3400368116927 1268.4280690853993 184.94534777954686 527.25696039824106 30.337596667231992 477.85644046551897 343.59674496552907 463.2612312163983 116.56290697181248 499.20077775375103 51.210141887422651 542.38550295779714 61.663216480839765 73.928206295051496 713.64991116295278 44.124397803825559 412.67102223106485 188.1078790508036 51.925366864626994
leaf_count=115 731 697 757672 371910 8975 86318 31459 10868 5009 10043 90920 6458 3425 198 62621 17493 33904 1584 1309 8636 28641 2029
internal_value=-2.84829e-10 0.0122857 -0.0294084 -0.0334982 0.0199338 -0.00245567 -0.00450113 0.0319533 0.0143227 0.0175009 -0.0242968 -0.00108064 0.00838382 -0.00273095 -0.00664289 -0.0318318 -0.011829 0.024278 -0.0145805 0.0105777 -0.00710798 -0.0139322
internal_weight=7885.75 5564.17 2321.58 2178.64 3662.31 1901.86 1827.95 142.937 2393.88 2085.51 1201.19 1643 894.008 394.807 1113.77 737.931 135.591 1191.51 586.51 529.234 308.368 240.033
internal_count=1541015 258133 1282882 1271899 60601 197532 196801 10983 51626 20259 514227 110483 13666 10241 95389 423307 51397 6593 63930 15094 31367 30670
is_linear=0
shrinkage=0.045


Tree=48
num_leaves=23
num_cat=0
split_feature=15 15 26 25 26 31 34 8 24 20 18 27 24 20 25 24 24 0 18 25 26 4
split_gain=1322.49 290.685 168.573 101.002 86.5996 82.3807 69.5792 61.5692 49.5212 47.1849 43.4487 40.0935 42.5614 40.0342 33.1295 32.3357 31.9611 31.3677 28.3189 27.4571 59.0852 28.4338
threshold=0.36414934694767004 0.68187072873115551 0.0026560471160337333 1.2424533367156985 0.00068804188049398373 0.84523808956146251 7.3248195648193368 0.12963555753231051 1.0000000180025095e-35 0.61593371629714977 5.6046395301818857 0.84523808956146251 1.0000000180025095e-35 2.5109719899774067e-05 8.8708715438842791 1.0000000180025095e-35 1.0000000180025095e-35 0.14996735006570819 5.6046395301818857 7.4821059703826913 0.1775985658168793 0.58548489212989818
decision_type=2 2 2 2 2 2 2 2 2 2 2 2 2 2 2 2 2 2 2 2 2 2
left_child=2 4 18 10 -2 6 11 13 19 -9 -3 12 14 -4 -5 -15 -7 -8 -1 20 -6 -21
right_child=1 3 7 5 8 16 17 9 -10 -11 -12 -13 -14 15 -16 -17 -18 -19 -20 21 -22 -23
leaf_value=-0.020370471229754061 -0.031381718953517664 0.018200785428990177 -0.033872477319377502 0.014591465605479307 -0.010157983318142157 0.022983893333160407 0.0094176299315949664 0.014459881542259492 0.011946600724481551 -0.02608588451859041 -0.027826459178429581 0.039867636692918804 0.026701483662577012 -0.020468079480187171 -0.0058408205620372536 0.0057851824130127237 0.035816073862787103 -0.020046209040635313 -0.044443443374603819 -0.012658750097106986 0.021436245931837569 0.024476516121175788
leaf_weight=124.2009371105014 183.48175483608793 57.276539082056843 371.80533382785507 582.67389268342231 268.17782807732874 1107.1557383729669 133.31582419594633 184.74962717157905 540.62824626802467 78.812295438285219 123.31342328005121 148.32900295360014 423.1248618679092 401.63497691247903 218.01725259874365 121.50630988596822 661.03193578113132 151.37381399676087 960.94524289414039 636.49815996135294 208.79735124687431 40.096330666827271
leaf_count=84504 85648 558 236966 7571 27922 7732 2360 29594 17705 20362 26566 533 2515 128345 6520 23868 1964 4282 759243 60977 4055 1225
internal_value=2.69371e-10 0.0119088 -0.0290658 0.0193773 -0.00244607 0.021108 0.013831 -0.017015 0.000770785 0.00207565 -0.0131312 0.0180205 0.0152211 -0.0226175 0.00902631 -0.0143734 0.0278686 -0.00632434 -0.0417942 -0.00449579 0.00375139 -0.0102946
internal_weight=7726.95 5483.29 2243.65 3605.61 1877.68 3425.02 1656.83 1158.51 1694.2 263.562 180.59 1372.15 1223.82 894.947 800.691 523.141 1768.19 284.69 1085.15 1153.57 476.975 676.594
internal_count=1541015 258133 1282882 60601 197532 33477 23781 439135 111884 49956 27124 17139 16606 389179 14091 152213 9696 6642 843747 94179 31977 62202
is_linear=0
shrinkage=0.045


Tree=49
num_leaves=23
num_cat=0
split_feature=15 15 26 24 26 26 18 25 31 35 21 31 27 34 34 15 9 27 15 25 18 36
split_gain=1240.72 282.649 152.925 96.0284 88.5216 70.9549 62.1742 55.5773 51.184 48.1413 41.8442 36.4773 42.9552 34.2211 29.4583 27.5207 27.4388 27.7925 26.7327 27.652 26.3884 26.1778
threshold=0.35355989634990698 0.68187072873115551 0.0026560471160337333 1.0000000180025095e-35 0.00068804188049398373 0.047535972669720657 9.7430734634399432 8.7162022590637225 0.92857143282890331 0.92857143282890331 0.00028516619931906467 0.73214286565780651 0.84523808956146251 5.8622088432312021 5.2176458835601816 0.96491318941116344 0.060898963361978538 0.58571431040763866 0.96491318941116344 4.5217294692993173 5.6046395301818857 0.96666666865348827
decision_type=2 2 2 2 2 2 2 2 2 2 2 2 2 2 2 2 2 2 2 2 2 2
left_child=2 4 20 5 -2 -3 10 15 9 13 21 12 -9 -6 -12 -7 17 -15 19 -5 -1 -4
right_child=1 3 6 18 8 7 -8 11 -10 -11 14 -13 -14 16 -16 -17 -18 -19 -20 -21 -22 -23
leaf_value=-0.02033215695103148 -0.031622394609963536 -0.0069242182819428478 -0.037128766492071613 -0.0056579113555573308 0.0050706584310246765 0.014285123585009142 0.012763776022181334 -0.010657039316911331 0.011867220797208417 0.032897476082252249 0.0066001074424979255 0.01492936088346104 0.033769112811730999 -0.024593332861028962 -0.018482816260851583 0.028735804352947911 -0.0031830038705229595 0.0098293575217737687 0.036464635665296882 0.025525302305109961 -0.04420366396626893 0.006287432226494246
leaf_weight=118.51671440041537 186.71293188110576 300.49696644139476 321.11425797313859 61.595285359595437 336.52644979886827 467.94343175680842 120.55263845356239 284.04185766572482 550.69553081085905 60.320662930578692 113.65257525416382 543.67880236961355 47.054736405611038 351.83190907581593 507.10245328051678 677.74631248560036 374.62624518816301 52.040954764714115 550.62115566403372 623.61276637828269 912.6697187343234 29.31856681816862
leaf_count=83794 90374 31367 223027 4014 17621 5009 22309 8944 16008 1759 16752 4536 186 46321 159374 1584 34213 3263 1183 3778 754663 10936
internal_value=-1.85152e-10 0.0113338 -0.0291587 0.0188271 -0.00261273 0.0133832 -0.0172984 0.0164131 0.000607639 -0.00469584 -0.0210763 0.0078076 -0.00393485 -0.00686734 -0.0138744 0.0229213 -0.0120273 -0.0200918 0.0289558 0.0227015 -0.0415714 -0.033459
internal_weight=7592.47 5469.55 2122.93 3556.79 1912.75 2320.96 1091.74 2020.47 1726.04 1175.35 971.188 874.775 331.097 1115.03 620.755 1145.69 778.499 403.873 1235.83 685.208 1031.19 350.433
internal_count=1541015 270160 1270855 60601 209559 51626 432398 20259 119185 103177 410089 13666 9130 101418 176126 6593 83797 49584 8975 7792 838457 233963
is_linear=0
shrinkage=0.045


Tree=50
num_leaves=23
num_cat=0
split_feature=16 16 26 24 11 13 31 8 26 25 30 26 25 31 13 25 9 24 31 31 22 25
split_gain=1101.64 406.142 322.975 139.505 109.805 96.1827 65.9856 54.3042 40.9758 105.681 39.6093 38.3041 37.1955 36.7212 35.4518 32.7571 31.8154 30.8385 30.2579 28.9003 28.1309 27.392
threshold=0.12985707819461825 1.0000000180025095e-35 0.0030546120833605532 1.0000000180025095e-35 0.12227673083543779 0.87807384133338939 0.84523808956146251 0.087808258831501021 0.28046900033950811 8.7902135848999041 3.113268375396729 0.28046900033950811 7.1851778030395517 0.63333335518836986 0.95880207419395458 4.7706487178802499 0.35735736787319189 0.89587974548339855 0.84523808956146251 0.58571431040763866 0.79996603727340709 8.5056777000427264
decision_type=2 2 2 2 2 2 2 2 2 2 2 2 2 2 2 2 2 2 2 2 2 2
left_child=1 17 -3 5 6 11 7 -4 -6 -10 -7 -2 -13 16 15 -5 -14 -1 -17 -11 -19 -9
right_child=3 2 4 14 8 10 -8 21 9 19 -12 12 13 -15 -16 18 -18 20 -20 -21 -22 -23
leaf_value=0.047186596830588075 -0.011202052760468987 -0.043455022473115737 -0.034682261538877684 -0.0023441290130502522 -0.015148235711440585 0.0057292414112755331 0.0041216371966258771 0.0040447778229969885 0.028409277620613474 -0.020438160482077011 0.022916810814662823 0.021889147808169116 -0.017907083940759443 0.00907854908246538 0.036533562836594251 0.015482036237065861 0.010377853215739832 0.041416441730880237 0.033075258286898848 0.0053011105188627648 -0.026128719265226544 -0.024501213687546552
leaf_weight=175.40928694143076 364.66915984505249 1098.281327436096 619.75798807688989 104.8130575269679 279.36905402364209 384.72847084884415 156.70065242370765 135.25473677577975 239.38833176294429 209.87340705601673 952.47804621305841 219.39221370304585 259.29134342918405 518.45616032731778 488.29078551565181 417.86884157496388 111.93822272247053 17.044578969478607 402.05652321385423 147.11955326670432 23.858528542812564 129.61047778388456
leaf_count=4493 50270 917970 304779 7787 51223 3161 12001 15721 11800 63097 4915 2871 14397 10290 1083 5163 2716 15 1522 11998 7322 36421
internal_value=-7.89734e-11 -0.0197591 -0.0240453 0.0151227 -0.0128415 0.00929667 -0.0226817 -0.027426 -0.00107863 0.00558328 0.0180115 0.00135507 0.00551564 0.00137825 0.0266388 0.0212457 -0.00935365 0.0391839 0.0242572 -0.0099041 0.0034632 -0.0101192
internal_weight=7455.65 3231.67 3015.36 4223.98 1917.07 2810.95 1041.32 884.623 875.75 596.381 1337.21 1473.75 1109.08 889.686 1413.03 924.738 371.23 216.312 819.925 356.993 40.9031 264.865
internal_count=1541015 1436840 1425010 104175 507040 88620 368922 356921 138118 86895 8076 80544 30274 27403 15555 14472 17113 11830 6685 75095 7337 52142
is_linear=0
shrinkage=0.045


Tree=51
num_leaves=23
num_cat=0
split_feature=15 16 16 25 24 26 16 23 31 2 31 27 20 1 16 26 31 18 25 10 16 21
split_gain=1091.46 264.552 248.919 118.769 100.165 90.2198 84.0029 75.5258 64.7454 62.5322 59.1444 78.4405 44.612 37.2319 38.2808 34.6652 30.2351 29.8464 28.987 28.7656 27.8179 26.3956
threshold=0.35355989634990698 1.0000000180025095e-35 0.16650500148534778 1.4978661537170412 1.0000000180025095e-35 0.00062440268811769794 1.0000000180025095e-35 1.0000000180025095e-35 0.77500000596046459 0.064002167433500304 0.92857143282890331 0.84523808956146251 2.5109719899774067e-05 0.24525710940361026 0.26280800998210913 0.094875145703554167 0.73214286565780651 5.4774441719055185 8.8648090362548846 0.045591175556182868 0.062994252890348448 0.055562557652592666
decision_type=2 2 2 2 2 2 2 2 2 2 2 2 2 2 2 2 2 2 2 2 2 2
left_child=1 7 3 17 10 -3 -5 -1 9 19 11 13 16 -4 -15 -12 -7 -2 -17 -8 -14 -6
right_child=2 5 4 6 21 12 8 -9 -10 -11 15 -13 20 14 -16 18 -18 -19 -20 -21 -22 -23
leaf_value=0.050210843718131087 -0.0010908835929858739 -0.043998067419503621 0.011138685752346228 0.047053040436025179 -0.012482248981291976 -0.04083229904920118 -0.0048295094569156772 -0.029771633613742049 0.012377609774941564 -0.016973671309516301 0.00022354956194435682 0.036220523772587991 -0.0238806227193787 -0.01661944233331613 0.0055225917907869067 0.02966326649860665 0.0063179045588494694 -0.040144921091290649 0.013910288927132806 0.018736005906051581 -0.005253927565195324 0.029149761381300474
leaf_weight=102.15545216202736 50.148246415861649 812.20723186834948 405.48017939270358 73.196140471234685 29.062110159924487 320.56684579666035 228.80197451560525 27.140970603184542 497.43821142539673 575.92747661408794 165.24092656301218 137.41976536970469 441.44927171161544 332.54615088063292 293.85414760155254 528.99055477627553 28.729761937240255 189.11026209255942 453.50041527536814 186.24433060912997 260.57930471155123 1176.0809115096781
leaf_count=112 5931 752995 6651 298 475 254173 18148 10829 16948 75169 5992 1026 208774 12965 2804 1905 6377 103230 2919 9510 37595 6189
internal_value=-4.74638e-10 -0.0283655 0.0106361 -0.00296856 0.0175864 -0.0326957 0.00159062 0.0329382 -0.000795147 -0.00743641 0.0120701 0.00491471 -0.023797 0.000591033 -0.00627079 0.019307 -0.0369197 -0.0321491 0.0224992 0.00584223 -0.0170528 0.0280984
internal_weight=7315.87 1992.83 5323.04 1800.87 3522.18 1863.53 1561.61 129.296 1488.41 990.974 2317.03 1169.3 1051.33 1031.88 626.4 1147.73 349.297 239.259 982.491 415.046 702.029 1205.14
internal_count=1541015 1270855 270160 229234 40926 1259914 120073 10941 119775 102827 34262 23446 506919 22420 15769 10816 260550 109161 4824 27658 246369 6664
is_linear=0
shrinkage=0.045


Tree=52
num_leaves=23
num_cat=0
split_feature=15 16 15 26 25 16 26 23 31 25 34 36 36 15 8 30 16 7 31 11 6 24
split_gain=1021.65 247.824 234.665 89.6953 89.3425 86.3595 81.7043 72.1817 72.1693 70.3072 65.3063 46.1213 47.5657 43.4698 39.2576 34.5383 33.2762 32.5567 50.7301 33.6041 31.3422 30.6002
threshold=0.35355989634990698 1.0000000180025095e-35 0.68187072873115551 0.00062440268811769794 1.2424533367156985 1.0000000180025095e-35 0.28046900033950811 1.0000000180025095e-35 0.92857143282890331 7.0062413215637216 6.5673751831054696 0.96666666865348827 0.22474747896194461 0.12308225408196451 0.084093894809484496 2.9174053668975835 0.060327438637614257 0.061795137822628028 0.84523808956146251 0.062251524999737747 1.6961343288421633 1.0000000180025095e-35
decision_type=2 2 2 2 2 2 2 2 2 2 2 2 2 2 2 2 2 2 2 2 2 2
left_child=1 7 5 -3 -4 -2 16 -1 10 -8 15 12 -11 -5 -14 -6 -7 19 -19 -15 -10 -13
right_child=2 3 4 13 8 6 9 -9 20 11 -12 21 14 17 -16 -17 -18 18 -20 -21 -22 -23
leaf_value=0.04977007149128819 0.044714759170749629 -0.043828451521326008 -0.013926528249187551 -0.038666956360412792 0.0048820014319097818 -0.03406144558624407 0.025717769859633963 -0.029492133383611761 0.028851877810568024 -0.0046925956814761428 0.0018263865537186596 -0.0017901777272592014 -0.053900813528662307 -0.02576887455890426 -0.001443440591858701 0.025560508657559985 -0.010465537391921451 -0.029945268993931552 0.0037265852963588109 0.011716258983818003 0.01395675736523223 0.021479500084497678
leaf_weight=98.023333877325058 69.83993041474605 776.05468567291246 173.1696699354361 272.84408273268491 223.1712968522188 194.79114464466693 199.85951402439969 26.41330913179263 1282.6928695906536 459.35986321959354 710.30270629105507 291.61686465234379 78.77456882550905 70.931504198393668 44.524442735390039 636.87616846834135 324.86367706847523 440.34470341906126 112.45602411942673 128.79775894618069 387.17534763384901 182.61766403555521
leaf_count=112 773 752995 27124 207726 3313 85181 3398 10829 7069 36364 14397 23047 11938 22763 3411 6080 40878 228025 22632 25773 2618 4569
internal_value=-9.28005e-11 -0.0279989 0.0102689 -0.0322532 0.0172513 -0.002652 -0.00463452 0.0324563 0.0189364 0.00158621 0.011951 -0.00307669 -0.0115136 -0.0233223 -0.0357524 0.0202539 -0.0195507 -0.0175403 -0.0231234 -0.00190036 0.0254503 0.00730109
internal_weight=7185.5 1925.87 5259.64 1801.43 3413.39 1846.25 1776.41 124.437 3240.22 1256.75 1570.35 1056.89 582.659 1025.37 123.299 860.047 519.655 752.53 552.801 199.729 1669.87 474.235
internal_count=1541015 1270855 270160 1259914 60601 209559 208786 10941 33477 82727 23790 79329 51713 506919 15349 9393 126059 299193 250657 48536 9687 27616
is_linear=0
shrinkage=0.045


Tree=53
num_leaves=23
num_cat=0
split_feature=15 16 15 25 26 24 31 35 31 27 1 16 20 34 16 36 36 18 31 34 24 34
split_gain=959.546 233.648 219.233 101.312 88.8162 81.4328 66.0874 54.6081 49.1226 54.0527 55.5453 44.2746 42.6476 39.921 38.1331 36.6134 36.5513 28.8808 28.5051 27.547 27.2002 26.0686
threshold=0.35355989634990698 1.0000000180025095e-35 0.76443013548851024 1.4978661537170412 0.00062440268811769794 1.0000000180025095e-35 0.92857143282890331 0.92857143282890331 0.92857143282890331 0.84523808956146251 0.37115329504013067 0.24386043101549151 2.5109719899774067e-05 7.3248195648193368 1.0000000180025095e-35 0.96666666865348827 0.25833334028720861 6.2074859142303476 0.73214286565780651 5.6681537628173837 0.89587974548339855 6.9674382209777841
decision_type=2 2 2 2 2 2 2 2 2 2 2 2 2 2 2 2 2 2 2 2 2 2
left_child=1 20 3 17 -3 8 7 14 9 10 -4 -12 18 -13 -5 16 21 -2 -6 -14 -1 -16
right_child=2 4 5 6 12 -7 -8 -9 -10 -11 11 13 19 -15 15 -17 -18 -19 -20 -21 -22 -23
leaf_value=0.041489948943312337 -0.004326738872326959 -0.043654774354005554 0.012320041631208211 0.038384068763853724 -0.040308684483152779 0.028721731947759024 0.014218237755962862 0.034899111640006954 0.019708538707400254 0.034706755059449597 -0.034321689177374902 0.0059901250445162446 -0.0001506909392036992 -0.04231623311030501 -0.00057100007940817481 0.0025972521365561115 -0.032442213775025291 -0.035669761683043803 0.0058543247154398282 -0.021337918930623215 -0.01287925573378291 -0.02098987843678363
leaf_weight=99.549034414274502 88.991556114124251 742.62080511235035 410.74105332851468 35.199419574404601 297.16250454868714 991.01102317332698 711.77168662946497 69.174164903233759 967.14102401422861 104.31991220070631 113.29627531506412 229.02523357007885 163.55016804083425 35.666562704893295 374.25043547460518 544.19205408843118 147.61705947919108 184.64129633896664 28.459214359703765 513.29187279035978 20.215754897217266 186.57359580593038
leaf_count=4174 9571 752995 5305 240 254173 5432 17875 1919 9643 614 12532 2006 38667 579 26385 38060 20022 96500 6377 207702 6767 23477
internal_value=-1.43984e-10 -0.0276454 0.00994358 -0.000260193 -0.0318303 0.0183123 0.00316348 -0.00266583 0.0127046 0.005052 0.00093584 -0.0114342 -0.0228977 -0.00118289 -0.00481074 -0.00617231 -0.0128797 -0.0257369 -0.0362465 -0.0162569 0.0321643 -0.00748936
internal_weight=7058.46 1864.85 5193.61 2342.41 1745.08 2851.2 2068.78 1357.01 1860.19 893.049 788.729 377.988 1002.46 264.692 1287.83 1252.63 708.441 273.633 325.622 676.842 119.765 560.824
internal_count=1541015 1270855 270160 234049 1259914 36111 127978 110103 30679 21036 20422 15117 506919 2585 108184 107944 69884 106071 260550 246369 10941 49862
is_linear=0
shrinkage=0.045


Tree=54
num_leaves=23
num_cat=0
split_feature=26 31 11 18 8 27 26 25 24 25 21 24 25 25 3 7 14 34 30 34 18 20
split_gain=822.265 317.233 177.52 92.0494 84.4076 84.1965 75.4145 125.259 69.601 68.0436 58.9901 45.083 42.2399 36.9589 35.4986 33.2019 30.6938 26.4174 27.2843 25.0578 24.2118 23.432
threshold=0.0025974201271310453 0.73214286565780651 0.13290657103061679 5.6046395301818857 0.093393370509147658 0.84523808956146251 0.28046900033950811 7.6331241130828866 1.0000000180025095e-35 4.2696731090545663 0.11603762209415437 1.0000000180025095e-35 8.8648090362548846 8.2090454101562518 0.92650169134140026 0.99784985184669506 0.0029513365589082245 6.5546452999114999 2.6020033359527592 7.532356023788453 2.7362614870071416 0.31605659425258642
decision_type=2 2 2 2 2 2 2 2 2 2 2 2 2 2 2 2 2 2 2 2 2 2
left_child=3 2 4 20 10 6 -4 -8 17 -3 16 12 -11 -12 15 -5 -2 18 -9 -14 -1 -6
right_child=1 9 5 14 21 -7 7 8 -10 11 13 -13 19 -15 -16 -17 -18 -19 -20 -21 -22 -23
leaf_value=0.039150750028845133 0.019831921671674718 -0.0021309112328565492 -0.016747171343516616 -0.041758807430792327 0.012971979530674473 0.038852493097004816 0.029250302100890153 -0.033344830804714828 0.014519665434183961 0.024189137564856564 0.00066005347958147779 0.030171164820338766 0.013984505712746306 -0.024712769413431254 -0.0092898474887191038 0.01638894836928315 -0.038439771095958065 -0.018727296310208395 0.0033221101379402335 -0.005289669324834028 -0.0094157914678461817 -0.0081655230823589452
leaf_weight=18.738412312493892 16.287155118086957 266.7941806171948 297.95582163464132 956.23319462221116 189.44775721259066 145.08204069510975 400.20943947623891 41.549050877234549 410.75923088114359 730.16296811864595 232.48128073746921 834.41619460543006 460.09616644038761 227.02785338450485 82.902463674425235 17.842053307034803 379.83376980930188 298.40504591614445 345.98766387180513 190.25314033092582 163.8172991312349 229.11871339463687
leaf_count=1679 3675 17328 50447 849500 28863 1250 4562 4771 13858 9487 23528 5975 9752 53819 24924 3323 244027 40742 29108 6154 88329 25914
internal_value=1.39953e-11 0.0072344 -0.0020996 -0.0331388 -0.0151168 0.00646726 0.00374885 0.00787069 -2.85212e-05 0.019303 -0.0231784 0.0218838 0.0167839 -0.0120069 -0.0382138 -0.0406155 -0.0358265 -0.00878237 -0.000983731 0.0083487 -0.00351987 0.00144173
internal_weight=6935.4 5695.87 3214.14 1239.53 1274.2 1939.95 1794.87 1496.91 1096.7 2481.72 855.63 2214.93 1380.51 459.509 1056.98 974.075 396.121 685.942 387.537 650.349 182.556 418.566
internal_count=1541015 573260 524564 967755 379826 144738 143488 93041 88479 48696 325049 31368 25393 77347 877747 852823 247702 74621 33879 15906 90008 54777
is_linear=0
shrinkage=0.045


Tree=55
num_leaves=23
num_cat=0
split_feature=15 15 26 25 31 27 24 8 18 36 11 18 6 25 31 25 26 34 18 24 26 18
split_gain=852.907 205.269 129.699 118.521 100.258 57.0208 47.303 44.1029 42.8291 42.8008 41.4438 39.2371 32.7758 33.2365 29.9365 28.5197 27.2182 26.6172 26.4078 25.9421 25.4029 24.3644
threshold=0.35355989634990698 0.8972897231578828 0.0011362932273186745 2.0126758217811589 0.73214286565780651 0.84523808956146251 1.0000000180025095e-35 0.082130517810583129 9.7430734634399432 0.25833334028720861 0.71884697675704967 6.2074859142303476 1.0000000180025095e-35 8.1193985939025897 0.92857143282890331 4.8361558914184579 0.030453028157353405 7.5101566314697275 3.5110765695571904 1.0000000180025095e-35 0.13992172479629519 5.6046395301818857
decision_type=2 2 2 2 2 2 2 2 2 2 2 2 2 2 2 2 2 2 2 2 2 2
left_child=2 3 21 11 5 7 10 9 12 17 -3 -2 13 18 -14 -16 -12 -5 -4 -6 -10 -1
right_child=1 6 8 4 19 -7 -8 -9 20 -11 16 -13 14 -15 15 -17 -18 -19 -20 -21 -22 -23
leaf_value=-0.016627699340278544 -0.0010026671141195849 0.020487276867896205 0.016479697141239258 -0.0023374131847132117 0.0096298449441672169 0.037371388231239727 0.031399402873517383 0.0043864270215136763 -0.012117879875146771 -0.033013780614670959 -0.032823119320044329 -0.031120628847130873 -0.030647841402302617 -0.020963553698969725 -0.027648254137927028 0.019647940535951102 0.006507025503424386 -0.028390237233264923 -0.029415304745879233 0.022972178827109585 0.028150982564178736 -0.044029470613166172
leaf_weight=81.913778017937148 133.47477054939372 976.19176151882129 121.60457103769295 562.38444216927746 724.97144927203772 66.378936410765164 615.10619558433245 703.57526148187753 57.388678437520866 141.86990055121714 36.309818963054568 251.73059998438112 478.89438976611564 178.88545319250261 43.731588664697483 49.977869953290792 254.42997360730078 87.694176830656943 26.956489687538124 508.84079951182503 60.506930899777217 663.10314422321972
leaf_count=69912 11217 5149 25364 38208 21188 849 2031 40220 21986 17785 3122 113688 286988 99860 17626 5182 1667 10524 16243 4512 6819 720875
internal_value=1.00672e-10 0.00938826 -0.0269119 0.00240878 0.00564236 -0.00193433 0.021147 -0.00379763 -0.0163429 -0.0110503 0.0160654 -0.0208312 -0.019674 -0.00814717 -0.0261381 -0.00270634 0.00112329 -0.00604175 0.0074654 0.0152029 0.00885358 -0.0411476
internal_weight=6825.92 5062.96 1762.96 3180.92 2795.71 1561.9 1882.04 1495.52 1017.95 791.949 1266.93 385.205 900.05 327.447 572.604 93.7095 290.74 650.079 148.561 1233.81 117.896 745.017
internal_count=1541015 270160 1270855 258191 133286 107586 11969 106737 480068 66517 9938 124905 451263 141467 309796 22808 4789 48732 41607 25700 28805 790787
is_linear=0
shrinkage=0.045


Tree=56
num_leaves=23
num_cat=0
split_feature=15 16 15 26 23 15 16 23 26 25 16 7 0 26 5 25 26 25 16 7 0 30
split_gain=797.593 274.409 212.592 109.944 68.4314 65.069 54.4338 45.6718 36.6007 36.5815 41.3868 35.1339 31.9349 29.7759 29.0574 26.843 41.0725 26.5171 26.453 24.4248 25.1831 23.4513
threshold=0.55598181486129772 1.0000000180025095e-35 0.21902852505445483 0.28046900033950811 1.0000000180025095e-35 0.96491318941116344 0.040966989472508437 0.022623858414590362 0.0067953746765851983 7.3391745090484628 0.19223839044570926 0.99784985184669506 0.032852560281753547 0.0014287623926065864 0.11851487308740617 6.7644419670104989 0.57653063535690319 8.1916003227233904 0.26280800998210913 0.54249298572540294 0.066653400659561171 2.8617925643920903
decision_type=2 2 2 2 2 2 2 2 2 2 2 2 2 2 2 2 2 2 2 2 2 2
left_child=1 4 13 11 -1 7 8 9 -4 -5 19 18 14 -3 -8 16 -10 -7 -2 -11 -21 -12
right_child=3 2 6 5 -6 17 12 -9 15 10 21 -13 -14 -15 -16 -17 -18 -19 -20 20 -22 -23
leaf_value=0.050971138524397781 -0.012730301372230229 -0.045265760434086096 -0.044008516219612832 0.02228872865323726 -0.020975475494837546 0.031231794792972806 -0.0037712512604851857 0.029215236583967429 -0.020088725213496278 -0.013194617771892804 -0.0087688841509424246 0.027004382150971982 -0.013119315925786313 -0.028975578476531934 0.022274347633986193 -0.025545956082256873 0.03737015942858711 0.018102536765105738 0.0074390326386178643 0.017450018982083568 -0.0066202851891694709 0.014835377555788435
leaf_weight=131.60366075113416 442.47509308102599 569.8088897955422 140.30369375052032 310.42747638269793 30.335032952774782 579.41353925966541 378.70566590120143 240.39333627418091 56.016002153643058 277.63775674031058 93.4761801660934 64.045309010631172 639.49687384608114 452.11926357643824 107.12927167896851 178.68408379104221 37.969012571062194 743.01639015201363 182.72830512886867 159.43655609209236 185.23228492193448 708.14742702979129
leaf_count=156 67652 690189 116490 2419 11388 1473 39709 1415 17376 16386 1597 710 120296 341041 8727 80087 1329 2398 2907 2725 7673 6872
internal_value=4.01623e-10 -0.0187574 -0.0223669 0.0128161 0.0372692 0.0162287 -0.0117357 0.0110098 -0.0256164 0.00840971 0.00531658 -0.00350804 -0.006551 -0.0382349 0.00214034 -0.0155306 0.00383922 0.023951 -0.00682316 -0.00337836 0.00460444 0.0120456
internal_weight=6708.6 2722.17 2560.23 3986.43 161.939 3297.18 1538.3 1974.75 412.973 1734.36 1423.93 689.249 1125.33 1021.93 485.835 272.669 93.985 1322.43 625.203 622.307 344.669 801.624
internal_count=1541015 1426788 1415244 114227 11544 42958 384014 39087 215282 37672 35253 71269 168732 1031230 48436 98792 18705 3871 70559 26784 10398 8469
is_linear=0
shrinkage=0.045


Tree=57
num_leaves=23
num_cat=0
split_feature=15 16 16 26 26 16 24 31 1 23 30 20 27 23 10 26 34 31 24 23 38 34
split_gain=748.593 205.193 180.365 86.6828 81.8147 70.9462 69.5567 68.3145 64.0806 62.1788 47.81 39.4715 33.8111 32.636 31.6572 29.8443 26.1423 25.603 24.4782 22.9633 21.6519 20.9235
threshold=0.35355989634990698 1.0000000180025095e-35 0.19223839044570926 0.00065602600807324063 0.00062440268811769794 1.0000000180025095e-35 1.0000000180025095e-35 0.77500000596046459 0.043739577755332 1.0000000180025095e-35 3.0677825212478642 2.5109719899774067e-05 0.84523808956146251 0.023644660599529747 0.025256911292672161 0.28046900033950811 6.3604381084442148 0.73214286565780651 1.0000000180025095e-35 0.0043813334777951249 7.020637273788453 7.7014262676239023
decision_type=2 2 2 2 2 2 2 2 2 2 2 2 2 2 2 2 2 2 2 2 2 2
left_child=1 9 3 -2 -3 -5 10 8 14 -1 -4 17 16 -9 -7 20 -10 -6 -13 -18 -12 -17
right_child=2 4 6 5 11 7 -8 13 12 -11 15 18 -14 -15 -16 21 19 -19 -20 -21 -22 -23
leaf_value=0.049555895875538145 -0.030478224904593249 -0.042952078956557255 -0.0013354721295841658 0.04539729806681727 -0.039546917378434805 -0.0069022782513121052 0.026154448525035016 0.0081829630503130243 -0.0060238432362781386 -0.028271529367701959 0.004966739994114568 -0.01958167515715278 0.040366794539175681 0.042583485018722771 0.016237495198268729 0.020672435644699037 -0.027552912162296408 0.004907626018045781 0.0022448409639670482 0.0056155054061306602 -0.038345402103475291 0.0038886721901827993
leaf_weight=85.866963345557451 180.55498739669565 623.9982467394766 464.4541935409361 67.476705670705996 263.69045515434846 207.3730485514825 952.74134411543491 623.84551957128861 287.2937721182534 23.366047215204162 189.94549682916841 501.71329451903875 17.127071518218145 56.940336225481587 271.33435082607321 992.97890752126114 364.52320551028242 27.92632732551283 129.72423370883189 45.999645645148121 21.556422726454912 180.20611648964405
leaf_count=112 108713 752995 8028 301 254173 17187 4813 19499 24424 10829 5846 209063 662 402 13783 7295 54889 6377 37306 1577 1225 1516
internal_value=2.38004e-10 -0.0261243 0.00880438 -0.00109198 -0.0303475 0.00171155 0.0162896 2.2342e-05 -0.00645848 0.0323991 0.0111501 -0.0216411 -0.0149492 0.0113497 0.00624576 0.0153278 -0.0165844 -0.0352788 -0.0151152 -0.0238135 -0.000231283 0.0181218
internal_weight=6580.64 1656.29 4924.35 2122.47 1547.05 1941.91 2801.88 1874.44 1193.65 109.233 1849.14 923.054 714.944 680.786 478.707 1384.69 697.817 291.617 631.438 410.523 211.502 1173.19
internal_count=1541015 1270855 270160 241437 1259914 132724 28723 132423 112522 10941 23910 506919 81552 19901 30970 15882 80890 260550 246369 56466 7071 8811
is_linear=0
shrinkage=0.045


Tree=58
num_leaves=23
num_cat=0
split_feature=15 16 15 15 25 23 7 25 25 24 10 9 24 1 9 34 34 26 16 36 20 21
split_gain=705.706 226.068 166.903 115.134 87.525 64.9784 48.4614 42.6631 63.6788 39.5642 37.7228 33.3631 32.518 31.6302 31.2134 30.5944 30.0292 29.1253 26.9147 26.5392 25.6745 25.5485
threshold=0.50348442792892467 1.0000000180025095e-35 0.21902852505445483 0.96491318941116344 2.0126758217811589 1.0000000180025095e-35 0.5878831446170808 4.0689902305603036 7.1016595363616952 1.0000000180025095e-35 0.10927856341004373 0.14071276038885119 1.0000000180025095e-35 0.41428647935390478 0.23699542135000232 7.7014262676239023 6.4700248241424569 0.0014287623926065864 0.14379341900348666 0.21825397014617923 0.74776315689086925 0.12755400687456134
decision_type=2 2 2 2 2 2 2 2 2 2 2 2 2 2 2 2 2 2 2 2 2 2
left_child=1 5 17 4 16 -1 10 18 -9 13 14 19 -12 -5 21 -8 -2 -3 -4 -10 -13 -6
right_child=3 2 7 9 6 -7 15 8 11 -11 12 20 -14 -15 -16 -17 -18 -19 -20 -21 -22 -23
leaf_value=0.049883632815535296 -0.0023655408357381993 -0.045018425074893328 -0.031020800392558345 0.024731654380173041 -0.044554177123402691 -0.025320648828660863 0.017361273628537909 0.017384514287119165 -0.014641807778140599 0.032814818564640177 0.00072031378536098012 0.0075852307835609359 0.022207064211451775 0.0085348897941969325 0.0059342957450988663 0.00055360504816658724 -0.032610256185230238 -0.02831148657301958 -0.003663246463644897 -0.043037111097055152 -0.021909968175909046 -0.010346218001174469
leaf_weight=110.88130534812808 124.05173877137713 518.43504617543658 301.0514893709842 470.97684849107463 49.635107962196344 25.794585627481865 1085.1531476302771 173.10263355882489 288.7866852686202 431.5831947045881 370.74587425882055 198.30320106173895 227.16275113221491 518.11213984641654 207.3797041978396 274.95595805137418 140.35157804300252 426.69721343954734 97.47293802267086 86.069968779098417 79.657143519172678 261.68988187731884
leaf_count=145 26294 690189 178001 1497 3891 11282 18893 17907 68823 1183 16644 25262 3066 3245 7212 6041 43561 341041 16368 32299 15717 12454
internal_value=1.11114e-10 -0.0199425 -0.0234956 0.0110618 0.00565501 0.0352978 0.00829046 -0.0124502 -0.00654391 0.0214375 0.00133128 -0.0129727 0.00900022 0.0163329 -0.00751021 0.013978 -0.0187274 -0.0376645 -0.0244579 -0.0216423 -0.00110522 -0.0164181
internal_weight=6468.05 2306.25 2169.58 4161.8 2741.13 136.676 2476.72 1224.44 825.92 1420.67 1116.61 652.817 597.909 989.089 518.705 1360.11 264.403 945.132 398.524 374.857 277.96 311.325
internal_count=1541015 1397034 1385607 143981 138056 11427 68201 354377 160008 5925 43267 142101 19710 4742 23557 24934 69855 1031230 194369 101122 40979 16345
is_linear=0
shrinkage=0.045


Tree=59
num_leaves=23
num_cat=0
split_feature=15 16 15 26 31 16 27 26 25 26 34 15 25 31 27 20 25 24 25 7 16 8
split_gain=664.33 182.322 166.812 78.8822 73.3876 70.4018 62.2256 58.5979 57.0993 55.8721 47.9648 39.2085 36.8204 35.8325 41.6065 29.0133 28.6106 28.5856 28.1523 30.7265 27.5465 26.2983
threshold=0.35355989634990698 1.0000000180025095e-35 0.68187072873115551 0.00062440268811769794 0.84523808956146251 1.0000000180025095e-35 0.84523808956146251 0.28046900033950811 7.0062413215637216 0.28046900033950811 7.0348284244537362 0.12308225408196451 4.2483932971954355 0.92857143282890331 0.84523808956146251 0.01908397022634745 7.8256435394287118 1.0000000180025095e-35 8.7902135848999041 0.061795137822628028 0.060327438637614257 0.08594765886664392
decision_type=2 2 2 2 2 2 2 2 2 2 2 2 2 2 2 2 2 2 2 2 2 2
left_child=1 -1 5 -3 6 -2 9 20 -9 -4 15 -5 -6 14 21 -11 -17 -18 19 -13 -7 -10
right_child=2 3 4 11 12 7 -8 8 13 10 -12 18 -14 -15 -16 16 17 -19 -20 -21 -22 -23
leaf_value=0.03174434151323656 0.042639805956184051 -0.042593653707401889 -0.017964787984619143 -0.037227045206433246 0.0028356715020107321 -0.032413932068094606 0.035455730858664665 0.023216391645203283 -0.019541477797699963 -0.017879264933958677 -0.0063467706829906144 0.010185741755638555 0.023861853157607364 0.0093470894709704773 0.050433471375672397 0.027299706080216972 0.00081773152955762576 0.022443371816309458 -0.027685285804302184 -0.015921736920542676 -0.0096751621104099739 -0.0018591868305096548
leaf_weight=101.32671012105129 60.91805476618174 571.71018080471549 189.5667645816502 221.46856484450109 193.57956209362601 169.57025816694659 139.81681430019671 184.67550127190771 356.23046519985655 51.085830247524427 332.42030380415963 125.54159810241254 1385.779338687149 294.36428290956246 18.049794374092016 281.63779191079084 312.90538881884277 200.20927209364891 234.00320451142034 304.12271619902094 300.06685325623403 324.4734387335775
leaf_count=10941 773 752995 24948 207726 10788 85181 1088 3398 45419 1014 6748 22486 7074 7620 249 1255 6462 1224 144221 132486 40878 26041
internal_value=1.25936e-10 -0.0254794 0.00829703 -0.0295544 0.0145328 -0.0029805 0.00739475 -0.00479134 0.000585662 0.00440772 0.00806787 -0.0209403 0.0213018 -0.00371786 -0.00924904 0.0137369 0.0158683 0.00939087 -0.0152676 -0.0082641 -0.0181403 -0.0111878
internal_weight=6353.52 1558.17 4795.35 1456.85 3087 1708.35 1507.64 1647.43 1177.79 1367.83 1178.26 885.136 1579.36 993.118 698.754 845.838 794.752 513.115 663.668 429.664 469.637 680.704
internal_count=1541015 1270855 270160 1259914 60601 209559 42739 208786 82727 41651 16703 506919 17862 79329 71709 9955 8941 7686 299193 154972 126059 71460
is_linear=0
shrinkage=0.045


Tree=60
num_leaves=23
num_cat=0
split_feature=16 26 16 24 16 31 27 16 25 26 25 25 35 34 10 21 9 13 25 21 0 25
split_gain=587.73 278.721 198.14 101.538 71.869 61.4512 76.6022 46.6378 42.6971 40.1827 46.9631 33.8097 33.2473 31.929 31.8791 30.6073 27.8259 26.3465 26.1406 26.1298 23.7954 23.6061
threshold=0.12400985509157182 0.0021621646592393522 1.0000000180025095e-35 1.0000000180025095e-35 0.023182515054941181 0.92857143282890331 0.84523808956146251 1.0000000180025095e-35 8.5056777000427264 0.1775985658168793 6.7956001758575448 4.2696731090545663 0.58571431040763866 6.8150913715362558 0.22306687384843829 0.061890946701169021 0.1535635590553284 0.95880207419395458 7.1851778030395517 0.0022972896695137028 0.15332482010126117 4.7405652999877939
decision_type=2 2 2 2 2 2 2 2 2 2 2 2 2 2 2 2 2 2 2 2 2 2
left_child=1 7 -3 5 19 6 13 -1 9 -6 -11 14 -10 -2 -7 -5 -12 21 -13 -4 -15 -17
right_child=3 2 4 15 8 11 -8 -9 12 10 16 18 -14 20 -16 17 -18 -19 -20 -21 -22 -23
leaf_value=0.0067040782324836014 0.0013910998258834656 0.045526735977538112 -0.042070686872472375 -0.014047222738722023 -0.011709416120810109 0.0097391913081308085 0.031750390326260307 -0.042536473563464371 -0.019547559215570463 0.029154021221574639 -0.015861602079341897 0.031962476025448043 0.011145634525776615 -0.0030663956073890739 -0.026606140887376291 -0.0029237328839068315 0.014645694407511406 0.033216944026613328 0.013232470173227753 -0.018402888359064732 -0.023969742267972213 0.021072250282780553
leaf_weight=39.878583118486858 763.90699462407792 129.27499731461285 149.21141821413039 43.700826181171578 252.78449205470679 135.99608530772821 128.41349612314661 704.07164614022986 458.99235887125542 163.63237542841671 127.49336944020615 189.26771796948742 81.108732705841248 217.79131246231555 69.866301384336111 91.891285357149172 106.55716427587322 363.79271198195056 762.78702072636952 286.39656233401911 221.93543972910629 757.23454145622964
leaf_count=10655 36122 1175 176354 1920 49239 10787 3078 893823 116815 6411 32429 1146 8134 10788 12050 8156 6587 1021 6312 125727 16474 5812
internal_value=1.27825e-10 -0.0168814 -0.00705348 0.0112693 -0.0113602 0.00598529 -0.000611193 -0.0398699 -0.00558738 0.00218177 0.0110474 0.0135438 -0.0148783 -0.00418086 -0.00293421 0.0216743 -0.00195659 0.0230138 0.0171035 -0.0268954 -0.0137674 0.0184735
internal_weight=6245.99 2499.4 1755.45 3746.58 1626.18 2489.96 1332.05 743.95 1190.57 650.467 397.683 1157.92 540.101 1203.63 205.862 1256.62 234.051 1212.92 952.055 435.608 439.727 849.126
internal_count=1541015 1427349 522871 113666 521696 96757 66462 904478 219615 94666 45427 30295 124949 63384 22837 16909 39016 14989 7458 302081 27262 13968
is_linear=0
shrinkage=0.045


Tree=61
num_leaves=23
num_cat=0
split_feature=15 31 16 27 26 25 25 26 23 23 9 41 9 20 18 16 30 12 16 16 34 15
split_gain=588.117 160.25 155.797 105.856 85.3124 83.5978 82.8707 70.7075 60.8794 52.4895 39.9406 38.7508 39.9249 38.0488 30.9756 30.3504 28.9345 26.4699 25.7388 25.6991 25.3421 24.9644
threshold=0.33365000784397131 0.84523808956146251 1.0000000180025095e-35 0.84523808956146251 0.28046900033950811 2.0126758217811589 7.4100408554077157 0.00062440268811769794 1.0000000180025095e-35 0.0039765862748026857 0.25005355477333074 2.5000000000000004 0.067246057093143477 2.5109719899774067e-05 2.7362614870071416 0.19223839044570926 3.113268375396729 0.32439687848091131 0.062994252890348448 1.0000000180025095e-35 6.2451367378234872 0.96491318941116344
decision_type=2 2 2 2 2 2 2 2 2 2 2 2 2 2 2 2 2 2 2 2 2 2
left_child=2 3 8 4 14 -3 -6 -4 -1 10 11 15 -13 -9 -2 17 -11 -8 20 -16 -15 -7
right_child=1 5 7 -5 6 21 9 13 -10 16 -12 12 -14 18 19 -17 -18 -19 -20 -21 -22 -23
leaf_value=0.048709232456169468 0.018868811458296476 -0.012751073272300198 -0.042843167184694574 0.034423040680584979 0.01866620716228113 0.015524673676422254 -0.00942848093205397 -0.035590854961977073 -0.031325311626550646 -0.01239754589868605 0.0030985215235575917 -0.054695012486740802 -0.01348504066020358 -0.0059430913833447563 0.026782198689092339 0.0034142587847988881 0.027770168241795026 -0.04210452923547188 -0.0010281437479945329 -0.02424173847232974 -0.031279987331134143 0.026360183623087875
leaf_weight=71.305669773370028 36.985946270113345 174.02524864895531 511.29779538570801 166.36220096804027 459.38040390219248 1218.072477195914 233.46581626877014 246.76980655260923 21.888692009219085 44.169003075308865 558.49397397084977 73.512227883999003 133.00024408228637 133.60021399273319 16.951015574799385 302.08810552843352 150.52380397642264 60.678545112932625 195.2967450433971 437.96342604488018 204.99225490643221 698.91538092688279
leaf_count=107 1927 34748 743492 2978 6053 21702 28599 256972 10733 607 28053 11477 10259 56490 768 4149 1631 10143 34326 129198 144622 1981
internal_value=1.86044e-10 0.00750678 -0.0257556 0.000203044 -0.00213156 0.0168226 0.00198145 -0.0298227 0.0292735 -0.00298865 -0.00612955 -0.0125292 -0.0291007 -0.0210765 -0.0188329 -0.00659521 0.0185753 -0.0167603 -0.0140997 -0.02207 -0.0215146 0.0195335
internal_weight=6149.74 4764.59 1385.15 2673.57 2507.21 2091.01 2015.31 1291.96 93.1944 1555.93 1361.24 802.745 206.512 780.659 491.9 596.232 194.693 294.144 533.889 454.914 338.592 1916.99
internal_count=1541015 294273 1246742 235842 232864 58431 100971 1235902 10840 94918 92680 64627 21736 492410 131893 42891 2238 38742 235438 129966 201112 23683
is_linear=0
shrinkage=0.045


Tree=62
num_leaves=23
num_cat=0
split_feature=15 15 16 26 16 31 23 34 24 30 20 26 1 6 38 27 16 34 36 31 7 25
split_gain=551.428 150.141 146.107 70.3823 67.4051 63.8844 57.5483 56.9852 52.1585 37.8801 37.1426 33.1411 31.8252 30.8187 28.0539 25.2967 23.7998 24.7358 21.2723 24.2889 22.1662 20.0064
threshold=0.33365000784397131 0.68187072873115551 1.0000000180025095e-35 0.00062440268811769794 1.0000000180025095e-35 0.84523808956146251 1.0000000180025095e-35 7.3041794300079355 1.0000000180025095e-35 2.9700856208801274 2.5109719899774067e-05 0.00029525315039791172 0.61199858784675609 1.6961343288421633 6.223567247390748 0.84523808956146251 0.062994252890348448 6.2451367378234872 0.96666666865348827 0.73214286565780651 0.21412032842636111 1.8688347935676577
decision_type=2 2 2 2 2 2 2 2 2 2 2 2 2 2 2 2 2 2 2 2 2 2
left_child=2 4 6 -4 -2 7 -1 9 11 -3 -5 -6 -9 -7 -13 21 17 -12 19 20 -10 -11
right_child=1 5 3 10 8 13 -8 12 18 15 16 14 -14 -15 -16 -17 -18 -19 -20 -21 -22 -23
leaf_value=0.048381945198686355 0.041250911953417416 -0.0028007932707031155 -0.0426974273536017 -0.035223865217352816 -0.032366714796653054 0.0233901327504836 -0.030700239485339353 -0.0047047792485309381 0.011661183138309732 -0.017454752498407302 -0.0056061740177619154 0.00059430996627848865 -0.045084852363221663 0.0080948119586709937 -0.01406262857877894 0.036067026009148309 -0.0011008291687169154 -0.030793311615501338 0.017052032706281712 0.013730339191700634 -0.024870389179666146 0.014290589130426978
leaf_weight=68.180485848337412 61.334643045134726 303.88519791362341 489.01463214942851 238.56577937851762 117.13594172271405 1161.0486500988336 21.163359531339665 226.731004474168 45.705317923726398 38.370919084307388 133.16226730715061 476.53219275167066 43.270591493652319 355.13105585149606 588.07193293158343 103.63544543541502 193.64356167603182 198.90798011423249 231.00518720700347 113.33094123820774 100.94494089887303 740.516639945723
leaf_count=107 874 11500 743492 256972 82846 12813 10733 8816 3163 8097 56490 45865 2813 5049 71581 783 34326 144622 11328 4571 13444 10730
internal_value=7.78451e-11 0.00726016 -0.0253832 -0.029361 -0.00325766 0.0133909 0.0290151 0.00662604 -0.00500774 0.0108694 -0.0206057 -0.0101177 -0.0118782 0.0198459 -0.00752986 0.0155658 -0.0137027 -0.0209261 0.00726932 -0.00158081 -0.0134758 0.0126253
internal_weight=6049.29 4706.65 1342.64 1253.29 1734.06 2972.59 89.3438 1456.41 1672.73 1186.41 764.28 1181.74 270.002 1516.18 1064.6 882.523 525.714 332.07 490.986 259.981 146.65 778.888
internal_count=1541015 294273 1246742 1235902 233672 60601 10840 42739 232798 31110 492410 200292 11629 17862 117446 19610 235438 201112 32506 21178 16607 18827
is_linear=0
shrinkage=0.045


Tree=63
num_leaves=23
num_cat=0
split_feature=15 16 15 26 24 16 23 26 25 24 20 11 38 9 41 9 34 18 16 34 4 15
split_gain=518.643 138.138 137.925 69.2696 67.9157 61.6904 54.9633 48.9439 43.4139 36.6685 35.4829 25.7537 24.9624 24.3296 39.5769 56.9267 23.43 23.2508 21.9053 23.0676 21.2783 20.0866
threshold=0.33365000784397131 1.0000000180025095e-35 0.68187072873115551 0.00062440268811769794 1.0000000180025095e-35 1.0000000180025095e-35 1.0000000180025095e-35 0.00029525315039791172 1.2424533367156985 1.0000000180025095e-35 2.5109719899774067e-05 0.86944735050201427 6.2470748424530038 0.27206295728683477 3.5000000000000004 0.10113373398780824 7.7014262676239023 8.8342356681823748 0.062994252890348448 6.2451367378234872 0.40174874663352972 0.96491318941116344
decision_type=2 2 2 2 2 2 2 2 2 2 2 2 2 2 2 2 2 2 2 2 2 2
left_child=1 6 5 -3 8 -2 -1 -7 17 12 -5 13 -9 14 16 -16 -10 -4 19 -12 -13 -6
right_child=2 3 4 10 21 7 -8 9 11 -11 18 20 -14 -15 15 -17 -18 -19 -20 -21 -22 -23
leaf_value=0.048160439351933773 0.039790017296891231 -0.042602228085408998 0.0074441478089035664 -0.034849793905911149 0.017147553541463665 -0.030502601937287384 -0.030209087640095798 0.00036454816765903706 0.014815452306496965 0.0079176055403289512 -0.0057540933194195707 0.017967558474424487 -0.013517621017026953 0.018696941620769177 -0.050849221024718852 0.0033138697345517889 -0.0081010412049187935 -0.031493333228266016 -0.0014213167541265929 -0.030305451610792049 -0.013421304962394104 0.030490723131539714
leaf_weight=65.465945845469832 60.30141122097848 466.35140403014157 46.81402873370098 230.55310469885444 642.08328594006161 132.71438824884899 20.569652712125389 484.84445342886465 674.35756855828367 470.07882014218194 132.08172503715105 55.294273957581026 565.79802545988787 608.19265317247482 47.538395941977797 153.75529101406573 100.95721566349675 78.670085530000506 192.65293709169782 192.68789355842819 155.86123863401008 382.3382463609305
leaf_count=107 874 743492 1408 256972 7792 93881 10733 47172 8729 21471 56490 1183 70274 7530 1672 3030 1868 22484 34326 144622 3722 1183
internal_value=-5.24956e-10 -0.0250728 0.00701648 -0.0289917 0.0129139 -0.00312909 0.0287935 -0.0048096 0.00789074 -0.00247475 -0.0202792 0.00968951 -0.00713997 0.011653 0.00719348 -0.0103999 0.0117986 -0.0172384 -0.0135154 -0.0205592 -0.00497617 0.0222514
internal_weight=5959.96 1300.36 4659.6 1214.33 2945.86 1713.74 86.0356 1653.44 1921.44 1520.72 747.976 1795.96 1050.64 1584.8 976.608 201.294 775.315 125.484 517.423 324.77 211.156 1024.42
internal_count=1541015 1246742 294273 1235902 60601 233672 10840 232798 51626 138917 492410 27734 117446 22829 15299 4702 10597 23892 235438 201112 4905 8975
is_linear=0
shrinkage=0.045


Tree=64
num_leaves=23
num_cat=0
split_feature=15 31 16 27 26 25 25 26 24 16 24 21 18 1 25 10 22 16 24 16 10 34
split_gain=490.705 146.698 130.54 95.7118 76.1901 75.3755 74.7185 67.3384 52.7061 34.9186 34.0709 33.2096 27.5801 24.2825 23.5604 22.4248 22.2941 21.942 21.3286 21.325 21.2257 20.636
threshold=0.33365000784397131 0.84523808956146251 1.0000000180025095e-35 0.84523808956146251 0.28046900033950811 7.4100408554077157 4.2483932971954355 0.00062440268811769794 1.0000000180025095e-35 0.2302278354763985 1.0000000180025095e-35 0.00028516619931906467 2.7362614870071416 0.083728581666946425 7.1851778030395517 0.043915294110775001 0.79996603727340709 0.19223839044570926 1.0000000180025095e-35 1.0000000180025095e-35 0.003729048185050488 5.1845848560333261
decision_type=2 2 2 2 2 2 2 2 2 2 2 2 2 2 2 2 2 2 2 2 2 2
left_child=2 3 16 4 12 20 -3 -4 -7 13 14 -9 -2 15 -8 -10 -1 -16 -18 -14 -6 -13
right_child=1 6 7 -5 5 8 10 11 9 -11 -12 21 19 -15 17 -17 18 -19 -20 -21 -22 -23
leaf_value=0.047691075377968448 0.017215643525438432 -0.0036399283667199263 -0.042404401471820972 0.033094651819135672 -0.0089268096280766818 -0.0097396571775376049 0.027413270062306597 -0.034407690035269022 -0.0082758685017154769 0.02247419648986252 0.027803888358484161 0.0054754150781757766 0.023327775231720121 -0.010069700187555302 -0.00099075953061621017 0.027951971469946289 0.037485360583926153 0.015437149827404285 -0.024288498003239074 -0.023829496280122958 0.021188290165462705 -0.01769918552205452
leaf_weight=46.241291649639606 36.376977897118195 329.74319132704113 447.19067608859768 158.10000059852609 51.037188631045865 958.73487135042524 222.31362036248902 222.58276819453022 54.337880915656569 198.91735653403157 651.74457416232326 92.941557689093315 16.513594127623946 219.23422821584973 227.63012899504974 82.103506998188095 14.35061666369438 584.56170080382435 22.281786449973879 419.05935848559238 391.10200365787023 416.62290713862967
leaf_count=77 1927 40945 743492 2978 1677 79078 2643 257028 3935 834 3486 22280 768 9011 8179 2060 24 3178 10739 129198 4376 213102
internal_value=-2.65421e-10 0.00682189 -0.0247986 -0.000277394 -0.00251451 0.00141527 0.0159049 -0.0286503 -0.00337075 0.00762795 0.0197263 -0.0200187 -0.0186412 -0.000871501 0.0145281 0.0137417 0.0285237 0.0108551 0.00150679 -0.0217972 0.0176511 -0.0134601
internal_weight=5863.72 4601.51 1262.21 2585.52 2427.42 1955.47 2015.99 1179.34 1513.33 554.593 1686.25 732.147 471.95 355.676 1034.51 136.441 82.8737 812.192 36.6324 435.573 442.139 509.564
internal_count=1541015 294273 1246742 235842 232864 100971 58431 1235902 94918 15840 17486 492410 131893 15006 14000 5995 10840 11357 10763 129966 6053 235382
is_linear=0
shrinkage=0.045


Tree=65
num_leaves=23
num_cat=0
split_feature=15 16 15 31 27 23 34 25 16 30 7 18 11 8 20 25 0 25 25 34 31 34
split_gain=457.58 173.467 156.065 91.2568 65.4169 57.4699 46.9103 44.6776 38.6945 34.9113 27.3693 26.5745 28.7949 26.0754 23.8885 24.3002 23.225 22.8769 32.3296 22.0152 21.9481 21.7861
threshold=0.5674533247947694 1.0000000180025095e-35 0.21902852505445483 0.84523808956146251 0.84523808956146251 1.0000000180025095e-35 6.9953081607818612 4.2483932971954355 0.040966989472508437 2.8617925643920903 0.061795137822628028 3.620669007301331 0.13290657103061679 0.20583482086658481 0.015496355481445791 1.0000000180025095e-35 0.16932994872331622 4.1270041465759286 6.7644419670104989 6.4417433738708505 0.84523808956146251 5.6002705097198495
decision_type=2 2 2 2 2 2 2 2 2 2 2 2 2 2 2 2 2 2 2 2 2 2
left_child=1 5 11 4 6 -1 9 -5 17 21 -10 12 -3 16 -11 -16 -8 -4 -19 -14 -12 -2
right_child=3 2 8 7 -6 -7 13 -9 10 14 20 -13 19 -15 15 -17 -18 18 -20 -21 -22 -23
leaf_value=0.04951564462837061 0.0044877119763227146 -0.031090118003957345 -0.036736478500365363 -0.00080766579728848247 0.031806232022187068 -0.021224213230250595 -0.005605420432009422 0.020513501825805781 0.010412852969883039 -0.016465056842729024 -0.013711883360098385 -0.04220719128836193 0.021942213501104969 0.0072639091980582163 -0.029283705057759422 0.013200028584391111 -0.027402473723986492 0.015625817869555178 -0.023086368402644067 -0.032188480664300481 0.0014559088232815006 -0.021754969353366235
leaf_weight=100.53562569618225 121.44951026492345 216.78159367965782 138.51287426711497 229.57678272618068 142.86508591676829 26.731956631199864 210.00852927197411 1472.2598039632248 176.69056592680136 60.832651912191068 590.37078583015318 461.33596864631909 40.47948457604798 123.87127591177705 23.621704964287346 808.77546470095695 187.9331489277829 55.349908218020573 160.72293046488994 17.923362747460487 284.66310282119957 127.28344555618969
leaf_count=159 6017 234189 126891 18439 1727 11406 11451 10204 17908 2576 120776 757941 17073 6418 10377 18097 14475 10175 80732 22027 33406 8551
internal_value=-8.47616e-11 -0.0157228 -0.0187738 0.010181 0.00312231 0.0344164 0.000571358 0.0176433 -0.00992347 0.00567535 -0.00553599 -0.0354918 -0.0236814 -0.0105463 0.00981906 0.0118268 -0.0161117 -0.0226791 -0.0130406 0.00410159 -0.00879731 -0.00910545
internal_weight=5778.58 2270.1 2142.83 3508.48 1806.64 127.268 1663.78 1701.84 1406.31 1141.96 1051.72 736.52 275.184 521.813 893.23 832.397 397.942 354.586 216.073 58.4028 875.034 248.733
internal_count=1541015 1432683 1421118 108332 79689 11565 77962 28643 389888 45618 172090 1031230 273289 32344 31050 28474 25926 217798 90907 39100 154182 14568
is_linear=0
shrinkage=0.045


Tree=66
num_leaves=23
num_cat=0
split_feature=15 31 16 27 25 26 25 26 23 23 9 10 20 30 18 23 26 4 15 20 41 30
split_gain=431.555 133.872 116.411 89.1687 69.9668 66.1229 65.2944 65.0947 49.021 41.4049 36.3295 33.5532 31.3647 27.2742 25.6391 25.0373 24.9147 22.379 21.5715 20.7453 20.2016 19.6606
threshold=0.33365000784397131 0.84523808956146251 1.0000000180025095e-35 0.84523808956146251 2.0126758217811589 0.28046900033950811 7.4100408554077157 0.00062440268811769794 1.0000000180025095e-35 0.0039765862748026857 0.25005355477333074 0.11363651975989343 2.5109719899774067e-05 3.113268375396729 5.9854507446289071 0.022623858414590362 0.0030935183167457585 0.17356042563915255 0.96491318941116344 0.017802989110350612 2.5000000000000004 3.0677825212478642
decision_type=2 2 2 2 2 2 2 2 2 2 2 2 2 2 2 2 2 2 2 2 2 2
left_child=2 3 8 5 -3 14 19 -4 -1 10 11 20 -9 -11 -2 18 -16 -13 -6 -7 -8 -19
right_child=1 4 7 -5 15 6 9 12 -10 13 -12 17 -14 -15 16 -17 -18 21 -20 -21 -22 -23
leaf_value=0.047546673752995518 -0.003367890494281271 -0.012628299042809245 -0.042024176126848646 0.032145995218656076 0.011735890158590835 -0.0091478033776497165 -0.014791945077145796 -0.033690129665749351 -0.029367413223988763 -0.014117382054118981 0.00260802869410076 0.019733549310321796 -0.012802609068269537 0.025152399485096469 -0.038698312819630473 0.032439424865729705 -0.012285986434112429 -0.026518276046716385 0.022751931187023323 0.019980649976827268 -0.037466386745788519 -0.00041004169504718575
leaf_weight=58.280468128621578 162.9234309005551 165.22852850412892 410.1468910328349 153.9335426082107 1041.0752872917146 53.883592527854489 304.36274425665761 209.55028139626302 19.007678071931878 43.431999132968485 538.71673885273049 69.479002789637889 491.26048299628746 145.1765730814659 145.62339448638886 205.32844876300078 152.32263365988911 77.328751072738669 567.6391542979909 379.22784226930526 110.08916724455776 201.57056157757324
leaf_count=107 17277 34748 743492 2978 21074 2220 32798 256972 10733 607 28053 3604 235438 1631 98418 798 16198 3496 1811 3833 17389 7340
internal_value=1.18999e-10 0.00635161 -0.0240723 -0.000493254 0.0151081 -0.0026635 0.00101844 -0.0278038 0.0279959 -0.00346094 -0.00632829 -0.0126151 -0.0192426 0.0159785 -0.0178747 0.0176621 -0.0256209 -0.00225872 0.0156814 0.0162937 -0.0211897 -0.00798846
internal_weight=5705.59 4517.34 1188.25 2538.07 1979.27 2384.14 1923.27 1110.96 77.2881 1490.16 1301.55 762.83 700.811 188.609 460.869 1814.04 297.946 348.378 1608.71 433.111 414.452 278.899
internal_count=1541015 294273 1246742 235842 58431 232864 100971 1235902 10840 94918 92680 64627 492410 2238 131893 23683 114616 14440 22885 6053 50187 10836
is_linear=0
shrinkage=0.045


Tree=67
num_leaves=23
num_cat=0
split_feature=15 16 15 25 24 23 18 16 0 25 25 16 26 16 9 11 43 9 36 25 16 20
split_gain=408.093 134.82 118.027 79.477 61.0081 52.3936 41.346 37.2162 36.3318 32.8924 48.0784 32.1912 29.1048 27.2541 26.514 25.7107 24.6757 23.874 23.0735 22.952 22.9124 22.6952
threshold=0.49357412755489355 1.0000000180025095e-35 0.20391304790973666 1.2424533367156985 1.0000000180025095e-35 1.0000000180025095e-35 5.6046395301818857 0.26280800998210913 0.1221124902367592 4.0689902305603036 7.1016595363616952 0.2302278354763985 0.0014287623926065864 0.13640753924846652 0.14071276038885119 0.87703788280487072 8.1039462089538592 0.31879870593547827 0.21825397014617923 6.5330405235290536 0.19223839044570926 0.47389739751815801
decision_type=2 2 2 2 2 2 2 2 2 2 2 2 2 2 2 2 2 2 2 2 2 2
left_child=1 5 12 6 7 -1 -2 8 19 13 -11 16 -3 -4 18 -9 -6 -10 -12 -5 -21 -16
right_child=3 2 9 4 11 -7 -8 15 17 10 14 -13 -14 -15 21 -17 -18 -19 -20 20 -22 -23
leaf_value=0.048363250131592289 0.0095867782441465127 -0.04500936595462502 -0.030444689854563622 0.021406883467083308 0.014638740384730706 -0.02497296037338333 -0.029478966542790655 0.017808731973182841 -0.010464089271671332 0.016041008241401512 -0.013113499972135572 0.025900458765916498 -0.025117427730906361 -0.0020442935439079334 0.011860029041388389 -0.0049553291344424585 -0.01021388147982449 0.0057246908669678189 -0.041472112743398085 -0.0030186707174060935 0.015517396354782269 -0.015221786382666825
leaf_weight=79.213548185303807 79.463590157509316 332.07360186175902 245.56374179821978 206.77972736149968 593.40821949275778 22.317860748597013 158.88984236027318 608.44553169779101 526.32635963771463 156.24255722397356 256.51595904766145 572.94040031803888 317.44953227061706 95.168865526557056 133.09614168580083 117.88563610178244 89.926425727437163 278.6264423980756 73.780879222347721 354.42730665478302 211.89770386108285 109.7179317415721
leaf_count=143 2310 668047 196817 5663 9529 11264 65845 3277 27774 19085 75160 2138 321119 20266 20749 916 1941 10058 36418 18881 1751 21864
internal_value=-9.32885e-11 -0.0174858 -0.0204813 0.00839416 0.0100831 0.0318275 -0.0165256 0.00571312 0.00181804 -0.0112099 -0.0057445 0.0180447 -0.0355535 -0.0226566 -0.0117711 0.0141054 0.0113177 -0.00485976 -0.0199722 0.00875748 0.00399194 -0.000437375
internal_weight=5620.16 1821.14 1719.61 3799.02 3560.66 101.531 238.353 2304.39 1578.06 1070.09 729.353 1256.28 649.523 340.733 573.111 726.331 683.335 804.953 330.297 773.105 566.325 242.814
internal_count=1541015 1390932 1379525 150083 81928 11407 68155 68320 64127 390359 173276 13608 989166 217083 154191 4193 11470 37832 111578 26295 20632 42613
is_linear=0
shrinkage=0.045


Tree=68
num_leaves=23
num_cat=0
split_feature=26 31 9 21 16 34 24 25 16 10 27 18 24 16 24 34 25 41 20 34 25 34
split_gain=374.006 207.281 106.623 73.0657 67.7887 47.1521 42.9899 42.166 37.9959 42.7658 35.2404 32.9804 32.0369 28.0991 26.8835 28.4926 26.2885 26.0265 22.0985 19.8231 18.9157 18.8646
threshold=0.00065602600807324063 0.73214286565780651 0.25811158120632177 0.045276286080479629 0.093548052012920394 7.2643799781799325 1.0000000180025095e-35 4.2696731090545663 1.0000000180025095e-35 0.048037065193057067 0.73214286565780651 5.8559153079986581 1.0000000180025095e-35 1.0000000180025095e-35 1.0000000180025095e-35 6.4417433738708505 7.1183617115020761 3.5000000000000004 0.12423098459839822 7.951383352279664 9.2269592285156268 7.4908084869384775
decision_type=2 2 2 2 2 2 2 2 2 2 2 2 2 2 2 2 2 2 2 2 2 2
left_child=4 2 3 8 13 6 17 -3 -2 -10 14 -6 16 -1 15 -4 -9 20 -17 -14 -5 -18
right_child=1 7 10 5 11 -7 -8 12 9 -11 -12 -13 19 -15 -16 18 21 -19 -20 -21 -22 -23
leaf_value=0.002836854410715915 0.03458362555232266 -0.0012345866479324906 0.0092018946507652771 0.0009890593683775312 0.017103764860540605 -0.021430760155532417 0.01178426878621484 0.025364900140800839 -0.040844437522012382 -0.0049187196460419918 0.038868264579029595 -0.021325555452760218 0.027939951905669322 -0.04419782225742392 0.017300168023544969 0.012681323971828437 0.01304497525224561 -0.022841300496152465 -0.016654697411024544 0.0067248151026156697 -0.018985239889751208 -0.0011197289205522232
leaf_weight=26.738080348834046 14.575885218946494 289.34777361340093 339.88230613839551 489.2015694931215 59.927358798668138 300.78330482389356 338.90633555095337 247.97139666335352 254.45371460202296 92.524380030568864 65.120995974488324 147.73102284105335 599.66121178786852 424.53651044262187 273.40080129093985 63.60766964413051 636.99195484177471 165.96591000871558 219.79663664697728 109.03749118476844 114.31892087800952 269.60693607967914
leaf_count=9763 205 37970 30545 56410 9211 63344 19885 5556 249890 45349 1117 75009 4809 789991 13113 12320 12061 33397 32577 1179 29355 7959
internal_value=-1.34851e-10 0.00430275 -0.0039234 -0.0104644 -0.0316916 -0.00578575 -0.00146301 0.0147299 -0.0283722 -0.0314705 0.00811076 -0.010094 0.0172057 -0.0414105 0.00567388 0.000476991 0.0124907 -0.00733594 -0.00996477 0.0247459 -0.00291938 0.0088496
internal_weight=5544.09 4885.16 2732.54 1770.73 658.933 1409.18 1108.39 2152.62 361.554 346.978 961.808 207.658 1863.27 451.275 896.687 623.287 1154.57 769.486 283.404 708.699 603.52 906.599
internal_count=1541015 657041 587507 497835 883974 202391 139047 69534 295444 295239 89672 84220 31564 799754 88555 75442 25576 119162 44897 5988 85765 20020
is_linear=0
shrinkage=0.045


Tree=69
num_leaves=23
num_cat=0
split_feature=15 31 16 16 26 25 35 1 16 10 24 15 21 34 34 5 9 25 26 22 6 21
split_gain=362.382 125.17 99.343 69.3055 60.8597 60.587 50.0831 45.4565 39.2158 38.7172 30.3674 28.8124 26.8476 28.525 25.3457 22.4975 20.3279 20.3123 29.3878 19.9188 18.6349 18.5214
threshold=0.33365000784397131 0.84523808956146251 1.0000000180025095e-35 0.2302278354763985 0.00062440268811769794 2.0126758217811589 0.92857143282890331 0.043739577755332 1.0000000180025095e-35 0.025256911292672161 1.0000000180025095e-35 0.12308225408196451 0.19562470167875293 6.8559353351593026 7.3248195648193368 0.18090733885765078 0.337841346859932 8.2090454101562518 0.26856423914432531 0.79996603727340709 1.6961343288421633 0.050494577735662467
decision_type=2 2 2 2 2 2 2 2 2 2 2 2 2 2 2 2 2 2 2 2 2 2
left_child=2 3 19 6 -4 -3 7 9 -9 15 20 -6 -10 -14 -5 16 -2 18 -13 -1 -7 -20
right_child=1 5 4 14 11 10 -8 8 12 -11 -12 17 13 -15 -16 -17 -18 -19 21 -21 -22 -23
leaf_value=0.046790493481964485 -0.027781464845821308 -0.011923045520022315 -0.041471799632388374 0.013007958944117185 -0.034303225474483064 0.014912803672700009 0.030637286396838482 0.031761206147218092 -0.033513065988701476 0.013674827211214992 0.024416583651046288 -0.017858301398762134 -0.0053976017791434946 -0.021779530674783335 -0.0083869627268460551 0.02524120169409614 0.0037554266730947237 -0.022837286658487575 -0.014532095183163764 -4.7042136579034831e-06 -0.00017381393937765261 0.021292797619449261
leaf_weight=38.893851796165109 118.10622126959788 158.63968442351688 360.92806558467419 700.88989674972254 167.39466403948609 888.32189944811398 66.349646739428863 33.479293398137088 130.99390406461316 292.65445078591438 664.1501291868808 150.01654771963513 552.44159221824521 352.59489070245399 129.72796972680953 24.71890545986389 60.720954896736657 218.02200087665187 37.520800868027436 31.737204964585544 203.43584014305816 93.122781915553787
leaf_count=77 17594 34748 743492 7262 207726 16034 4488 783 33456 24117 4327 90284 75035 64743 1898 1838 4628 159875 24901 10763 3322 9624
internal_value=-2.58133e-10 0.00580205 -0.0230592 -0.000910605 -0.0266273 0.0144164 -0.00629134 -0.0079488 -0.0131525 0.00328661 0.0168232 -0.0183345 -0.0147495 -0.0118645 0.00963626 -0.0116191 -0.0172622 -0.0126869 -0.00454015 0.0271534 0.0121136 0.0108475
internal_weight=5474.86 4377.23 1097.64 2462.68 1027 1914.55 1632.06 1565.71 1069.51 496.201 1755.91 666.077 1036.03 905.036 830.618 203.546 178.827 498.682 280.66 70.6311 1091.76 130.644
internal_count=1541015 294273 1246742 235842 1235902 58431 226682 222194 174017 48177 23683 492410 173234 139778 9160 24060 22222 284684 124809 10840 19356 34525
is_linear=0
shrinkage=0.045


Tree=70
num_leaves=23
num_cat=0
split_feature=25 31 27 21 18 35 34 16 16 16 10 24 30 0 9 16 16 23 21 38 0 23
split_gain=340.279 192.451 100.05 84.9673 83.7102 59.9027 51.533 40.7647 58.2859 39.8934 38.1882 30.6155 28.7945 27.7448 27.0626 22.194 20.3789 20.3569 20.6185 20.3129 20.0935 19.9732
threshold=1.2424533367156985 0.84523808956146251 0.84523808956146251 0.14838111400604251 5.6046395301818857 0.92857143282890331 5.64367699623108 1.0000000180025095e-35 0.082509920001029982 1.0000000180025095e-35 0.048037065193057067 1.0000000180025095e-35 3.1984648704528813 0.04397340118885041 0.35735736787319189 0.15644098818302157 0.028486145660281185 0.030493731610476974 2.7650532722473149 6.5316059589385995 0.078028459101915373 0.0013815335696563127
decision_type=2 2 2 2 2 2 2 2 2 2 2 2 2 2 2 2 2 2 2 2 2 2
left_child=4 2 3 9 19 6 -5 -8 -9 -2 14 -3 20 16 -11 -6 -12 18 -17 -1 -10 -14
right_child=1 11 -4 5 15 -7 7 8 12 10 13 -13 21 -15 -16 17 -18 -19 -20 -21 -22 -23
leaf_value=0.012521734136971115 0.035138257948135944 0.011173874490127276 0.034401793281520841 0.0091774195929369088 -0.041486735049464922 0.03386025565698552 0.033822208388447954 -0.022287573199206594 0.0052388595929973615 -0.037655020471463956 -0.017139183235256986 0.023247538831583509 -0.00082095513089333052 -0.019038027984726098 0.010644782536806589 0.0041228071923529426 0.043066670613928555 0.027585266310866528 -0.038649520936307392 -0.020359005514698294 -0.018876273827848872 0.01951493732164734
leaf_weight=98.810211227129912 18.94210391958768 1178.3786331557767 132.97440495016781 539.40085405870923 445.49808586748804 89.165658325178811 43.636696502551786 420.83964396261945 90.234192111340235 284.55980926534357 13.888592409357441 679.50301803453476 668.20329097467038 83.913113828109999 23.456904848211707 32.414116205243772 28.521804735035403 13.20134651117405 65.555305411930021 55.060003361355484 280.37598051151326 109.50106876954669
leaf_count=36645 418 48706 2320 44565 761042 4148 1708 183362 3770 274759 21905 10966 29060 31980 5450 6517 3925 1153 20416 33351 13471 1378
internal_value=-3.10324e-11 0.00440959 -0.00298409 -0.0048893 -0.0289057 -0.00127645 -0.00280728 -0.00683156 -0.00806594 -0.022545 -0.0254319 0.0156403 -0.00277991 -0.00436169 -0.0338655 -0.0369618 0.0236222 -0.0178237 -0.0249849 0.00048544 -0.0130133 0.00214872
internal_weight=5396.03 4685.5 2827.61 2694.64 710.539 2241.36 2152.19 1612.79 1569.15 453.282 434.34 1857.88 1148.31 126.324 308.017 556.669 42.4104 111.171 97.9694 153.87 370.61 777.704
internal_count=1541015 681891 622219 619899 859124 281462 277314 232749 231041 338437 338019 59672 47679 57810 280209 789128 25830 28086 26933 69996 17241 30438
is_linear=0
shrinkage=0.045


Tree=71
num_leaves=23
num_cat=0
split_feature=15 26 31 27 9 36 26 20 25 31 25 23 34 18 24 25 10 44 25 6 34 34
split_gain=327.445 127.581 78.4048 57.061 47.463 67.7363 38.6432 35.1207 34.9291 34.6281 32.4682 32.128 30.2476 27.2544 20.5685 19.8565 19.5769 21.0021 18.201 17.9937 17.7225 15.2972
threshold=0.5674533247947694 0.00062440268811769794 0.73214286565780651 0.73214286565780651 0.15745875984430316 0.25833334028720861 0.28046900033950811 0.72231593728065502 7.6331241130828866 0.84523808956146251 4.2483932971954355 0.048752853646874435 5.2496488094329843 5.6046395301818857 1.0000000180025095e-35 9.0652241706848162 0.01121250679716468 5.0657496452331552 7.1851778030395517 1.0000000180025095e-35 7.7742252349853525 8.2020716667175311
decision_type=2 2 2 2 2 2 2 2 2 2 2 2 2 2 2 2 2 2 2 2 2 2
left_child=1 13 3 6 5 9 -2 19 16 12 -4 15 -3 -1 18 -10 -8 -18 -12 -6 -20 -16
right_child=2 4 10 -5 7 -7 8 -9 11 -11 14 -13 -14 -15 21 -17 17 -19 20 -21 -22 -23
leaf_value=-0.0059254252713850852 -0.018921128493172536 0.0073998769845970529 -0.00038402884506331622 0.028032579560353918 0.025042441557910675 -0.035458200971864272 -0.014871372699167171 -0.013308647290163459 -0.00076211341554631949 0.010176884609049924 0.025356023277261448 0.022046601405978299 -0.01785675466397953 -0.039446594207735892 0.025932827753350759 -0.01599976848986711 0.02064911338316467 -0.026270127802159138 0.01288587764669606 0.0036434681444698119 -0.0057244155807271539 -0.0012794691975308117
leaf_weight=58.274911284299378 215.67509260826046 117.58680787637422 238.71136670644773 139.81994305210537 105.64024542897823 227.4593588438438 38.928456842375454 200.08568634462608 464.82854883990512 168.36138918611323 194.24367541176616 84.9069878593873 466.3276552076095 391.97333931076719 561.6574350430019 271.51265965092171 280.89785347798897 16.521953844334348 636.07412456773454 291.3311053730431 120.60370367790892 44.671304188159411
leaf_count=67343 41243 28329 22991 2539 17215 180376 681 48768 9162 17909 1704 660 250080 762394 2488 15922 1870 164 6907 60269 1762 239
internal_value=-3.51934e-10 -0.0142225 0.00872068 0.00116533 -0.00813419 -0.0142044 -0.00166194 0.00186189 0.00162121 -0.00758637 0.0150651 -0.00338888 -0.012751 -0.0352207 0.017427 -0.00645074 0.0137246 0.0176515 0.0131745 0.00957873 0.00990156 0.0239339
internal_weight=5336.09 2027.04 3309.05 1513.09 1576.79 979.735 1373.27 597.057 1157.6 752.276 1795.96 821.248 583.914 450.248 1557.25 736.341 336.348 297.42 950.922 396.971 756.678 606.329
internal_count=1541015 1432683 108332 72241 602946 476694 69702 126252 28459 296318 36091 25744 278409 829737 13100 25084 2715 2034 10373 77484 8669 2727
is_linear=0
shrinkage=0.045


Tree=72
num_leaves=23
num_cat=0
split_feature=15 31 16 27 26 26 26 24 23 26 15 8 10 18 34 7 35 31 11 34 23 15
split_gain=306.366 105.72 91.2886 76.2412 55.7881 54.4708 53.3338 44.2764 42.1462 39.8675 26.9923 25.4986 26.8064 21.8568 21.6795 20.1376 19.8057 18.9289 24.0699 22.7677 18.7851 18.5775
threshold=0.33365000784397131 0.84523808956146251 1.0000000180025095e-35 0.84523808956146251 0.00062440268811769794 0.28046900033950811 0.91915413737297069 1.0000000180025095e-35 1.0000000180025095e-35 0.28046900033950811 0.12308225408196451 0.11500149592757226 0.11839852109551431 2.7362614870071416 5.5740516185760507 0.99784985184669506 0.58571431040763866 0.92857143282890331 0.13290657103061679 6.2451367378234872 0.0019436097354628148 0.96491318941116344
decision_type=2 2 2 2 2 2 2 2 2 2 2 2 2 2 2 2 2 2 2 2 2 2
left_child=2 3 8 5 -4 13 -7 14 -1 15 -6 12 -9 -2 -8 -3 17 18 -12 -20 21 -11
right_child=1 9 4 -5 10 6 7 11 -10 20 16 -13 -14 -15 -16 -17 -18 -19 19 -21 -22 -23
leaf_value=0.047142473358865913 0.015643239350882354 -0.0026088515238271315 -0.040823898874377255 0.030473434763012449 -0.033773544551621522 0.016597141943103383 0.0025860783922545859 -0.017233450775802024 -0.028162492975603425 0.01025088735062152 -0.027388782643220137 0.01763830577171344 0.010662931116958072 -0.020278359067029721 -0.012797384774525069 0.025594366182279657 0.015502626975441696 0.0074059562248540512 0.013289398840870405 -0.022318981702306083 0.029403090029009944 0.021789182609438375
leaf_weight=49.712779292836785 33.887791552115232 371.27710741677583 322.13667268089011 141.95023431121808 154.66103151509924 332.26952540772618 247.08546817458409 124.15443305102235 16.953535707340052 759.20841571050187 236.60237139737183 247.60141502163606 146.80901729386824 395.56804980505694 721.80071106042305 54.366540706629166 43.580384061373479 62.40870412559525 72.406757423384988 63.747228330914368 209.4200555222269 464.04676871374249
leaf_count=107 1927 42581 743492 2978 207726 7816 10362 8127 10733 12412 188221 4845 2367 129966 67454 1042 17401 16151 21066 41845 826 1570
internal_value=-6.08951e-10 0.00532544 -0.0220567 -0.000934661 -0.0256291 -0.00298009 0.000436718 -0.00321674 0.0273633 0.0133613 -0.0176421 0.0073504 -0.00219974 -0.0172964 -0.00888116 0.00124882 -0.0121356 -0.0150481 -0.0188557 -0.00358246 0.016943 0.0146989
internal_weight=5271.65 4249.45 1022.21 2391.13 955.543 2249.18 1819.72 1487.45 66.6663 1858.32 633.406 518.565 270.963 429.456 968.886 425.644 478.745 435.165 372.756 136.154 1432.68 1223.26
internal_count=1541015 294273 1246742 235842 1235902 232864 100971 93155 10840 58431 492410 15339 10494 131893 77816 43623 284684 267283 251132 62911 14808 13982
is_linear=0
shrinkage=0.045


Tree=73
num_leaves=23
num_cat=0
split_feature=25 31 27 18 8 21 35 16 16 16 24 10 24 6 16 31 0 16 23 21 38 11
split_gain=288.476 163.668 88.1142 76.4773 75.9549 60.3569 32.8854 31.3671 40.734 29.6095 28.0344 27.6494 26.294 24.7008 22.298 20.9304 21.4405 20.6972 19.5197 18.4293 17.5046 17.1398
threshold=1.2424533367156985 0.84523808956146251 0.84523808956146251 5.6046395301818857 0.14977858215570453 0.031092908233404163 0.92857143282890331 1.0000000180025095e-35 0.06611871719360353 1.0000000180025095e-35 1.0000000180025095e-35 0.048037065193057067 1.0000000180025095e-35 0.37035997211933142 0.15644098818302157 0.63333335518836986 0.55245232582092296 1.0000000180025095e-35 0.030493731610476974 2.7650532722473149 6.5316059589385995 0.50628402829170238
decision_type=2 2 2 2 2 2 2 2 2 2 2 2 2 2 2 2 2 2 2 2 2 2
left_child=3 2 4 20 5 9 7 -7 -9 -2 21 -11 17 -10 -5 -15 -17 -6 19 -16 -1 -3
right_child=1 10 -4 14 12 6 -8 8 13 11 -12 -13 -14 15 18 16 -18 -19 -20 -21 -22 -23
leaf_value=0.011625078079415183 0.032209366461707863 0.013838806687765414 0.032838383177379603 -0.040843360166076204 0.04269757379431114 0.032659375430290842 0.029328722760066022 -0.022183064855623096 0.0090815464297751645 -0.038774008633157456 0.021937853405856432 -0.007442156309053251 0.017265138462135832 -0.014387582768168389 0.0036390561248002772 0.0036485102005519854 -0.03184060229682089 -0.0010417650075493876 0.027572106267876411 -0.037372092437957978 -0.019429639292534988 0.0018559212624789545
leaf_weight=97.828679891639695 12.005168852803761 797.25985206164114 128.13418822380481 401.89980249137079 17.790544807910919 33.696942856069654 46.310034072907001 328.73411201759154 222.2524040885146 221.0382956249905 658.97548544271376 79.978375957183744 284.87561446013387 433.27456017968689 31.955489754393057 340.33893166947382 33.294980430999203 561.16187414414162 13.237027984352606 61.934704028228225 52.205758508163854 348.41360390888258
leaf_count=36645 179 36702 2320 761042 29 1537 2874 175574 11586 251106 10966 46545 13052 28213 6517 14419 1293 73492 1153 20416 33351 12004
internal_value=-2.84893e-10 0.00404158 -0.00288404 -0.0277074 -0.00469392 -0.0100716 -0.00612366 -0.00740424 -0.00851461 -0.0278255 0.0145467 -0.0307069 0.0062015 -0.00406249 -0.0359579 -0.00771648 0.000107326 0.000656378 -0.0166255 -0.0239357 0.000541197 0.0102186
internal_weight=5206.6 4547.53 2742.89 659.061 2614.75 1750.92 1437.9 1391.59 1357.89 313.022 1804.65 301.017 863.828 1029.16 509.027 806.908 373.634 578.952 107.127 93.8902 150.034 1145.67
internal_count=1541015 681891 622219 859124 619899 533326 235496 232622 231085 297830 59672 297651 86573 55511 789128 43925 15712 73521 28086 26933 69996 48706
is_linear=0
shrinkage=0.045


Tree=74
num_leaves=23
num_cat=0
split_feature=15 16 15 31 27 23 34 24 24 26 25 30 35 16 15 34 38 0 25 11 25 26
split_gain=272.89 124.516 105.895 71.263 51.1576 45.0615 40.1139 35.6361 33.8481 28.0739 28.0651 27.7909 23.908 23.8218 21.2809 20.3947 19.1257 21.5509 17.6082 19.3085 19.9472 17.3618
threshold=0.55598181486129772 1.0000000180025095e-35 0.20391304790973666 0.73214286565780651 0.73214286565780651 1.0000000180025095e-35 5.4531798362731942 1.2424533367156985 1.0000000180025095e-35 0.0014287623926065864 4.2483932971954355 2.3502402305603032 0.92857143282890331 0.041958741843700416 0.96491318941116344 8.3333902359008807 6.2470748424530038 0.036876047030091293 4.1270041465759286 0.1783871799707413 6.7956001758575448 0.0067953746765851983
decision_type=2 2 2 2 2 2 2 2 2 2 2 2 2 2 2 2 2 2 2 2 2 2
left_child=1 5 9 4 6 -1 -2 11 13 -3 -5 -8 14 21 -13 -12 -15 -18 -10 20 -20 -4
right_child=3 2 8 10 -6 -7 7 -9 18 -11 15 12 -14 16 -16 -17 17 -19 19 -21 -22 -23
leaf_value=0.049448631206766958 0.012288460157140326 -0.044317876395940932 -0.042491336355435588 -0.00045749731945262978 0.026362544702200875 -0.01872924298685839 -0.050428553103295151 0.017574991478694339 -0.017431957535332231 -0.02268552481678645 0.017076658449225696 -0.013276357718917758 0.026691225713765331 -0.0010663410681904287 0.0019854647886286261 -0.012698852537246648 -0.0044703714800074469 -0.02637234339536472 0.030833646379513621 0.022754241878280804 -0.010627744469738262 -0.016509006379506884
leaf_weight=77.94282163027674 304.38809017463063 251.16416689782091 77.967860309843672 237.06251591027831 137.00321174301644 22.77905478154571 26.714019225364609 110.57971239999461 58.774613979132482 272.81439859562124 1485.2760702471569 642.0222978700258 35.09300714229903 325.69551936455719 257.44683873414033 44.6533366263684 175.61700738748914 189.36939429412632 24.487028257339261 108.88003163402027 111.04059032084115 174.0776340409484
leaf_count=156 12076 668047 116950 24048 2607 11388 3232 2232 29203 321119 13044 53590 1038 66325 1840 520 26021 63754 1096 6474 21342 94913
internal_value=-1.63107e-10 -0.0136949 -0.0164897 0.00781869 0.000644559 0.0338731 -0.00200179 -0.00609819 -0.00928314 -0.0333757 0.0139434 -0.00889826 -0.0074491 -0.0134721 -0.00892128 0.0161691 -0.00903579 -0.0160368 0.00374934 0.00909033 -0.002306 -0.0252166
internal_weight=5150.85 1870.61 1769.89 3280.24 1513.25 100.722 1376.24 1071.86 1245.91 523.979 1766.99 961.276 934.562 942.727 899.469 1529.93 690.682 364.986 303.182 244.408 135.528 252.045
internal_count=1541015 1426788 1415244 114227 76615 11544 74008 61932 426078 989166 37612 59700 56468 367963 55430 13564 156100 89775 58115 28912 22438 211863
is_linear=0
shrinkage=0.045


Tree=75
num_leaves=23
num_cat=0
split_feature=25 15 16 18 15 24 24 7 8 35 27 30 16 10 25 7 7 10 10 38 1 25
split_gain=261.292 140.99 99.2756 71.1062 52.6587 37.8256 36.3676 27.4972 23.0694 21.6191 21.2457 19.7183 20.9435 18.4683 18.3701 17.2742 21.48 19.925 18.2105 17.0254 16.8874 16.5539
threshold=1.2424533367156985 0.6648409664630891 1.0000000180025095e-35 5.6046395301818857 0.12308225408196451 1.0000000180025095e-35 1.0000000180025095e-35 0.93489035964012157 0.20964311063289645 0.63333335518836986 0.84523808956146251 2.9174053668975835 0.26280800998210913 0.26078996062278753 8.9117560386657733 0.138029620051384 0.5652042329311372 0.13449986279010775 0.015326553490012886 6.5316059589385995 0.32245646417140966 7.4241437911987314
decision_type=2 2 2 2 2 2 2 2 2 2 2 2 2 2 2 2 2 2 2 2 2 2
left_child=3 2 -2 -1 -4 7 8 21 11 15 -5 19 14 -10 -13 18 17 -17 -7 -3 -16 -6
right_child=1 6 4 10 5 9 -8 -9 13 -11 -12 12 -14 -15 20 16 -18 -19 -20 -21 -22 -23
leaf_value=0.00031703551225193305 0.040565006247761222 0.0019227297329939578 -0.033651831588493129 -0.039149461587785005 -0.0040195596708594763 -0.019308343562387271 0.017918071758960218 0.025612030241864529 0.022654696348495654 0.025024647595448854 -0.010453171904629459 0.0055541110393516205 0.013904988083768395 0.0025590087824412916 -0.0026229057243447157 -0.024889960444215729 0.0086093329835600987 0.0075002834957975566 0.028426397549938191 -0.024291333705016512 -0.033823743156891233 -0.015134484105814807
leaf_weight=146.82300064406991 85.68013080565288 116.66756338761479 140.79821912314037 414.53057287832235 440.5548994924502 17.05464240479705 912.27258756609081 38.556395853693175 270.10215952887665 85.715211002023352 64.721246161157978 454.15371014983975 410.62123493252147 141.70819040737115 123.40102737950656 117.10329581668884 139.86049056898992 53.339681965888303 66.75835329380061 82.147938792186324 44.651607202511514 721.48979851222975
leaf_count=69996 2637 2277 226714 750545 122376 4461 6285 3473 3520 5388 38583 9631 2433 3137 4261 33039 8830 4249 6266 2469 2663 227782
internal_value=3.55212e-10 0.00382866 -0.0054232 -0.0271047 -0.00769186 -0.00542338 0.0107289 -0.00968016 0.00669597 0.00521764 -0.0354221 0.00358245 0.0060831 0.0158532 0.0008514 0.000650344 -0.00429564 -0.0148286 0.0181729 -0.00923878 -0.0116507 -0.0109559
internal_weight=5088.71 4462.64 1906.91 626.075 1821.23 1680.43 2555.73 1200.6 1643.45 479.832 479.252 1231.64 1032.83 411.81 622.206 394.116 310.303 170.443 83.813 198.816 168.053 1162.04
internal_count=1541015 681891 645215 859124 642578 415864 36676 353631 30391 62233 789128 23734 18988 6657 16555 56845 46118 37288 10727 4746 6924 350158
is_linear=0
shrinkage=0.045


Tree=76
num_leaves=23
num_cat=0
split_feature=15 31 27 25 25 34 25 8 23 35 18 15 30 23 35 8 36 21 15 10 26 30
split_gain=245.244 92.8695 66.7549 60.9404 50.8953 48.9942 43.9284 27.2347 25.8099 25.0623 23.4963 22.8139 24.8902 22.3362 21.9641 18.4678 17.8711 17.5709 17.3152 16.9642 15.7662 14.987
threshold=0.33365000784397131 0.84523808956146251 0.84523808956146251 3.5114340782165532 7.3861021995544442 6.5673751831054696 2.0126758217811589 0.15445724874734881 0.0039765862748026857 0.46428571641445165 2.7362614870071416 0.64770150184631359 2.9700856208801274 0.022623858414590362 0.92857143282890331 0.067906539887189879 0.25833334028720861 8.9084019660949725 0.96491318941116344 0.32761839032173162 0.13992172479629519 3.5114340782165532
decision_type=2 2 2 2 2 2 2 2 2 2 2 2 2 2 2 2 2 2 2 2 2 2
left_child=3 2 5 10 20 7 -3 11 14 -6 -1 -2 -13 18 15 16 -7 -18 -8 -20 -5 -17
right_child=1 6 -4 4 9 8 13 -9 -10 -11 -12 12 -14 -15 -16 21 17 -19 19 -21 -22 -23
leaf_value=0.019396131421321881 -0.011592197350902134 -0.010918026775486273 0.028532308743814443 -0.0033244000514935498 -0.023637507517225608 -0.015746131393545949 0.0090769647949444018 0.012404184001170585 0.0080683521098507491 0.0073419056965293196 -0.034558935723950968 -0.012299305331249439 0.011867889481186528 0.029171910137609215 0.028117329415447305 -0.015084259557291802 -0.049282833297751225 0.0028526654447550643 0.023803276777827658 0.002458878318077248 0.028071742124786445 0.0016255755936628812
leaf_weight=13.942041746500761 290.24327013248148 146.36094010421584 138.23559501187265 55.098731937010598 292.17403847881178 395.03563088724695 981.22228642955452 417.93052369904035 134.6958170054495 61.863396390514026 434.18392635024884 117.60862587647716 288.63946335876972 184.76688358802494 21.39994606898108 219.57416301258127 62.37994246816379 15.591855899961955 381.05177802135586 95.241231187828816 70.402596833995631 208.93114224281453
leaf_count=4761 56017 34748 2978 39637 280406 62945 21074 27164 4011 33414 870269 6080 7655 798 1419 28146 17426 1506 1326 485 18255 20495
internal_value=1.86148e-11 0.00473378 -0.00122837 -0.0208295 -0.00952795 -0.00318362 0.0124166 0.00339503 -0.010099 -0.0181974 -0.0326848 -0.00206081 0.00480702 0.014523 -0.0127797 -0.0139002 -0.0200017 -0.0393138 0.0125726 0.0196051 0.0146887 -0.00701208
internal_weight=5026.57 4098.91 2310.27 927.665 479.539 2172.03 1788.64 1114.42 1057.61 354.037 448.126 696.491 406.248 1642.28 922.913 901.513 473.007 77.9718 1457.52 476.293 125.501 428.505
internal_count=1541015 294273 235842 1246742 371712 232864 58431 96916 135948 313820 875030 69752 13735 23683 131937 130518 81877 18932 22885 1811 57892 48641
is_linear=0
shrinkage=0.045


Tree=77
num_leaves=23
num_cat=0
split_feature=25 31 11 16 16 27 34 35 8 24 16 30 8 6 7 13 36 0 13 1 16 13
split_gain=237.306 137.786 76.5567 58.9455 57.3566 56.6392 48.4839 42.9464 39.3312 36.2997 31.6028 29.4971 24.7615 21.6173 26.7238 21.0029 17.7718 17.7611 17.6876 17.5639 22.6326 16.9183
threshold=1.2424533367156985 0.84523808956146251 0.077003493905067458 0.093548052012920394 1.0000000180025095e-35 0.84523808956146251 7.0348284244537362 0.58571431040763866 0.094984810799360289 1.0000000180025095e-35 1.0000000180025095e-35 2.4414010047912602 0.20583482086658481 1.6463040709495547 0.92713490128517162 0.58250975608825695 0.36038962006568914 0.032852560281753547 0.52407857775688182 0.043739577755332 0.26280800998210913 0.78834897279739391
decision_type=2 2 2 2 2 2 2 2 2 2 2 2 2 2 2 2 2 2 2 2 2 2
left_child=3 2 4 10 -2 6 9 8 16 11 -1 -4 -8 14 21 -15 -6 -11 -10 -13 -21 -3
right_child=1 13 5 -5 7 -7 12 -9 18 17 -12 19 -14 15 -16 -17 -18 -19 -20 20 -22 -23
leaf_value=0.010246773428038321 0.038920171277545809 0.0090568771059314455 -0.030683767191037863 -0.0085239299772925589 -0.023431470693214017 0.031131611846843911 -0.016646723534550278 0.019492868035691422 -0.013859401299918578 0.033294264854634402 -0.04103602128068632 0.01361495720835894 0.0061122724398910144 -0.026856095102645666 0.035627997555707273 0.0076152916822426822 -0.045480958467055452 0.010395144185952847 0.014345174098086159 -0.006892542271181616 0.012659796689406366 0.019926132912615534
leaf_weight=24.250674361428537 32.630942901007074 648.75888311515155 56.630985820902424 234.80499926480388 301.7824885748305 119.61032219843582 417.54385776567506 51.789269163899007 145.41428750370687 85.391505065581441 342.39343301374538 184.42636063847385 122.69851667518196 34.509373703685924 127.5549447856738 385.13254236785724 108.81628516594719 322.96439858842132 59.641460791259306 473.3180500780727 155.0745480515543 543.7639326639619
leaf_count=9154 797 41835 14448 84912 175482 2218 91879 7705 40991 7787 765058 46887 12016 9782 1202 3963 117313 15348 2014 86127 1207 2890
internal_value=-2.74068e-10 0.00365092 -0.00283356 -0.0263831 -0.0155311 0.00178224 -0.000228761 -0.0184628 -0.021787 0.00454971 -0.0375518 -0.000665967 -0.0114691 0.0134625 0.0162846 0.00449769 -0.0297519 0.0155284 -0.00550977 0.00160025 -0.00200557 0.0140755
internal_weight=4978.9 4377.45 2637.73 601.449 700.075 1937.66 1818.05 667.444 615.655 1277.81 366.644 869.45 540.242 1739.72 1320.08 419.642 410.599 408.356 205.056 812.819 628.393 1192.52
internal_count=1541015 681891 622219 859124 344302 277917 275699 343505 335800 171804 774212 148669 103895 59672 45927 13745 292795 23135 43005 134221 87334 44725
is_linear=0
shrinkage=0.045


Tree=78
num_leaves=23
num_cat=0
split_feature=25 31 9 18 21 34 24 10 16 27 41 34 25 25 23 27 16 16 11 5 27 25
split_gain=225.127 130.208 73.2965 66.6532 53.0471 34.9558 29.5395 28.3168 26.2863 25.662 22.9811 22.6598 22.2546 23.6279 26.4732 19.6205 19.0081 18.1608 18.0013 17.9646 15.7574 18.144
threshold=1.2424533367156985 0.73214286565780651 0.25536146759986883 5.6046395301818857 0.031092908233404163 7.5905995368957528 1.0000000180025095e-35 0.048037065193057067 1.0000000180025095e-35 0.73214286565780651 3.5000000000000004 6.4417433738708505 4.4425818920135507 7.1183617115020761 0.0019436097354628148 0.84523808956146251 0.10475528985261919 1.0000000180025095e-35 0.48559011518955236 0.34732963144779211 0.58571431040763866 7.8256435394287118
decision_type=2 2 2 2 2 2 2 2 2 2 2 2 2 2 2 2 2 2 2 2 2 2
left_child=3 2 4 -1 7 6 10 8 -2 11 20 -4 18 -14 -15 -5 17 -13 -3 -12 21 -6
right_child=1 12 9 15 5 -7 -8 -9 -10 -11 19 16 13 14 -16 -17 -18 -19 -20 -21 -22 -23
leaf_value=0.00073734149142957593 0.02856104804265747 0.0084181110420467938 0.011894056421263521 -0.038385753798257892 0.0023042992413989183 -0.026158823135771673 0.0082473697360831502 -0.003341180164273292 -0.039337266268988619 0.034400909801487994 -0.007818876535459254 0.028607218417990764 0.025605149452878968 0.008814488622809525 0.025947989108306233 -0.010196404638060888 0.0040205997623275619 -0.021801528965801648 -0.016191197323247381 -0.037973168447297236 0.010703481660146294 -0.015137257528342813
leaf_weight=142.41224289636557 8.8022987528529466 167.23476754851254 422.55859249035348 381.10505493568508 221.70590298915704 140.35921016746579 341.87982882586948 75.879254730592947 191.98847841143652 58.677015370321897 87.592104866558657 11.982967503092366 295.24145934612898 1173.3601422743595 214.28236302836012 62.475263856747915 265.47094307505176 122.46840991303725 87.526203613069811 74.172763647418833 121.96986208837188 257.29978020885028
leaf_count=69996 148 30544 37956 750545 46727 39050 26887 45459 246973 1333 28090 396 5865 23997 1035 38583 7945 47519 14440 14291 7842 55394
internal_value=-1.40079e-10 0.00354399 -0.0034537 -0.0260583 -0.0094233 -0.00540894 -0.00266636 -0.0270707 -0.0357391 0.00685006 -0.00758002 0.00468856 0.0122081 0.0140793 0.0115439 -0.0345734 -0.00297765 -0.0164442 -0.000185627 -0.0223693 -0.00344747 -0.00712409
internal_weight=4926.44 4340.45 2402.81 585.993 1521.65 1244.98 1104.62 276.67 200.791 881.158 762.74 822.481 1937.64 1682.88 1387.64 443.58 399.922 134.451 254.761 161.765 600.976 479.006
internal_count=1541015 681891 606010 859124 510861 218281 179231 292580 247121 95149 152344 93816 75881 30897 25032 789128 55860 47915 44984 42381 109963 102121
is_linear=0
shrinkage=0.045


Tree=79
num_leaves=23
num_cat=0
split_feature=25 15 18 35 24 36 36 20 25 26 0 8 9 27 25 12 13 15 34 25 41 9
split_gain=213.276 112.224 64.0704 50.5065 33.3009 31.7984 70.6628 36.5779 22.1113 46.0109 21.5954 21.5324 21.0548 19.6282 19.5785 22.1083 18.8449 18.2665 16.8902 15.955 15.661 63.7472
threshold=1.2424533367156985 0.6648409664630891 5.6046395301818857 0.63333335518836986 1.0000000180025095e-35 0.96666666865348827 0.20714285969734195 0.60949215292930614 7.3106899261474618 0.1775985658168793 0.034145472571253783 0.2190535366535187 0.25811158120632177 0.84523808956146251 5.0106129646301278 0.24301264435052874 0.18797049671411517 0.38080769777297979 8.2020716667175311 6.0718910694122323 3.5000000000000004 0.10113373398780824
decision_type=2 2 2 2 2 2 2 2 2 2 2 2 2 2 2 2 2 2 2 2 2 2
left_child=2 3 -1 5 11 6 8 10 9 19 -7 20 -8 -4 -5 -16 -10 -9 -6 -2 -3 -22
right_child=1 4 13 14 18 7 12 17 16 -11 -12 -13 -14 -15 15 -17 -18 -19 -20 -21 21 -23
leaf_value=0.00055788528261774457 -0.013311425009392395 0.0065133507008196161 -0.038139990586165573 -0.0087343370759893364 0.018204351135332555 0.021443998021256887 -0.040289803884487024 -0.033541185634157832 -0.027725718358541752 0.026874211283430254 -0.0022570051633414015 0.015160980686341741 -0.0050279997455673874 -0.0097213587101882219 0.0345020343601272 0.0046277207248771124 -0.0068322017499353217 -0.0052901382858973455 -0.008174923380720827 0.031864329119701246 -0.050660960000821723 0.0023604835967714378
leaf_weight=141.86709458022051 178.15170960688374 800.84388161023162 369.0079365104757 60.06010171158232 832.07949894969352 169.3138591597417 193.28007446390984 55.422403961785676 113.25519332152726 104.24553829914657 139.10394767974503 372.74208865762193 43.336956445305987 61.405232953913583 98.79896427679887 100.54489325218674 356.07059715603827 210.41027194194612 49.468433522946725 12.592654310414217 47.377383560284215 369.38282609197631
leaf_count=69996 95161 13967 750545 24770 5878 31891 180326 36962 102395 9137 26208 6171 11302 38583 8717 8030 90317 18562 407 1437 2246 8007
internal_value=-1.20215e-11 0.00343925 -0.0256864 -0.00498528 0.0096892 -0.00801952 -0.0128427 0.000425642 -0.00609264 0.0035283 0.0108888 0.00577048 -0.0340692 -0.0342438 0.0132428 0.019916 -0.0121132 -0.0116906 0.0166863 -0.00959124 0.00284555 -0.00419614
internal_weight=4878.76 4306.48 572.28 1834.59 2471.89 1575.18 1000.93 574.25 764.316 294.99 308.418 1590.35 236.617 430.413 259.404 199.344 469.326 265.833 881.548 190.744 1217.6 416.76
internal_count=1541015 681891 859124 645215 36676 603698 490075 113623 298447 105735 58099 30391 191628 789128 41517 16747 192712 55524 6285 96598 24220 10253
is_linear=0
shrinkage=0.045


Tree=80
num_leaves=23
num_cat=0
split_feature=25 31 27 34 15 20 8 11 35 30 9 24 25 26 26 34 38 31 41 12 11 9
split_gain=199.851 119.947 72.6792 62.7884 34.5748 34.0586 33.0518 28.5703 27.1982 21.9189 20.682 20.3173 20.2105 30.9787 33.6398 17.6445 17.5935 15.5601 14.0718 13.8895 13.8759 17.4887
threshold=1.2424533367156985 0.84523808956146251 0.84523808956146251 6.5673751831054696 0.23647800087928775 0.0023157780524343257 0.15445724874734881 0.00097169828950427483 0.92857143282890331 3.5114340782165532 0.3241636604070664 1.0000000180025095e-35 8.878758907318117 0.28046900033950811 0.94511049985885631 7.5445964336395273 6.8808975219726571 0.58571431040763866 3.5000000000000004 0.15575880557298663 0.50628402829170238 0.26081429421901708
decision_type=2 2 2 2 2 2 2 2 2 2 2 2 2 2 2 2 2 2 2 2 2 2
left_child=4 2 3 6 -1 10 7 -2 9 -7 -5 20 13 -9 -15 -11 19 -17 -14 -6 21 -3
right_child=1 11 -4 5 16 8 -8 12 -10 15 -12 -13 18 14 -16 17 -18 -19 -20 -21 -22 -23
leaf_value=-0.038529055887561739 -0.023557011192493253 0.0068232557091549885 0.030457321307538199 -0.036869139194385524 -0.01542523694498181 -0.016322056425248397 0.012358216603032175 -0.014880113115324344 0.031507292485080322 0.0032147522737452851 0.012103185307862157 0.018970272756604529 -0.0044642274961307436 0.028398369593974168 0.0012064607261311419 -0.029391640800071891 -0.035736600917292201 -0.0016681417412004115 -0.032119176907233954 0.0086729168857023128 0.00098954017888620046 0.021163006805848442
leaf_weight=229.35693505404561 111.20213987829811 481.64714834932602 121.34011238264065 138.88856996599498 204.2832008326659 536.32198732618781 439.85720022866008 114.50674731516119 28.029483535668987 312.8240703812171 17.464084714043565 627.76730809529909 147.96428035245663 141.57928293618534 249.28066302437765 73.808444878974115 64.599732068454614 86.779357993102167 45.778551605293615 59.436472970390241 328.48064040736426 270.10520659462236
leaf_count=660785 73244 26337 2320 179185 139734 106746 36508 50613 1827 47474 4472 10966 33682 4432 28964 21520 52656 10330 20902 5949 12004 10365
internal_value=3.73062e-10 0.0033156 -0.00283594 -0.0045475 -0.025212 -0.0119052 0.00249971 -0.00289471 -0.00886347 -0.0101339 -0.0311935 0.0125373 0.000535834 0.00527291 0.0112903 -0.00302602 -0.0154706 -0.014913 -0.0116423 -0.00993374 0.0087286 0.0120813
internal_weight=4831.3 4273.63 2565.62 2444.28 557.676 1194.12 1250.17 810.312 1037.76 1009.73 156.353 1708 699.11 505.367 390.86 473.412 328.319 160.588 193.743 263.72 1080.23 751.752
internal_count=1541015 681891 622219 619899 859124 371554 248345 211837 187897 186070 183657 59672 138593 84009 33396 79324 198339 31850 54584 145683 48706 36702
is_linear=0
shrinkage=0.045


Tree=81
num_leaves=23
num_cat=0
split_feature=25 31 36 18 36 34 9 27 20 27 35 24 34 25 34 27 20 34 13 9 30 38
split_gain=189.693 115.639 66.9232 61.6862 61.2621 42.1331 34.8798 32.1297 25.808 24.4171 24.2567 23.5605 23.5802 21.347 21.3333 19.8513 19.6216 17.1135 15.5595 15.2955 17.0801 14.7946
threshold=1.2424533367156985 0.73214286565780651 0.87083333730697643 5.6046395301818857 0.25833334028720861 7.2643799781799325 0.44475786387920385 0.58571431040763866 0.49949590861797338 0.73214286565780651 0.92857143282890331 1.0000000180025095e-35 5.478551149368287 8.5730738639831561 7.1557865142822275 0.84523808956146251 0.23580326884984973 5.1503930091857919 0.48412168025970465 0.40334081649780279 3.3140207529067998 6.5316059589385995
decision_type=2 2 2 2 2 2 2 2 2 2 2 2 2 2 2 2 2 2 2 2 2 2
left_child=3 2 4 21 5 7 8 10 -6 11 17 12 -4 16 18 -5 -14 -2 -3 20 -16 -1
right_child=1 14 9 15 6 -7 -8 -9 -10 -11 -12 -13 13 -15 19 -17 -18 -19 -20 -21 -22 -23
leaf_value=0.011306948053731176 0.0066348686319826983 -0.00083524189020630507 0.012524219386420008 -0.037708978474318061 -0.041829180355071625 -0.022767516550470598 0.013193685586568693 0.016516681443011858 -0.0067130235165216434 0.030546399273456239 0.035793438992660437 0.013375605006162215 0.021074834608770448 -0.017539171495232264 -0.0079651800993932199 -0.0087428488898329999 -0.005902171120078889 -0.010705863678603388 0.018365811002079614 0.017883803339082342 0.0075738994525069046 -0.018330551855818087
leaf_weight=92.295826130575733 146.15285416522602 94.837084497732576 168.44740749962875 346.66675537703941 193.33568487214689 210.0792639850406 33.267343435256407 173.70390523580681 56.633077289781795 66.842215865510298 23.441223444087882 309.38908754401746 70.897679272900859 205.67670968841776 182.7463170168885 59.586260324153955 189.79016325064003 493.65738794280696 822.02844927717524 196.27583959417279 604.97318383422316 47.528577241781932
leaf_count=36645 26880 21797 14622 750545 175108 90496 3675 8512 7417 1572 1223 17874 12483 43175 9968 38583 29730 173243 9675 6608 27833 33351
internal_value=-4.21061e-10 0.00322295 -0.00346981 -0.0248394 -0.0100863 -0.00500259 -0.0284665 -0.00043479 -0.0341609 0.0052426 -0.0049647 0.00329982 -0.00167699 -0.0068848 0.011454 -0.0336184 0.00169314 -0.00672396 0.016386 0.00679884 0.00394142 0.000947638
internal_weight=4788.25 4242.17 2341.31 546.077 1330.27 1047.03 283.236 836.955 249.969 1011.04 663.251 944.201 634.812 466.365 1900.86 406.253 260.688 639.81 916.866 983.995 787.72 139.824
internal_count=1541015 681891 606010 859124 486554 300354 186200 209858 182525 119456 201346 117884 100010 85388 75881 789128 42213 200123 31472 44409 37801 69996
is_linear=0
shrinkage=0.045


Tree=82
num_leaves=23
num_cat=0
split_feature=25 31 35 11 18 27 26 25 8 25 20 35 34 24 27 9 1 23 7 23 11 15
split_gain=179.984 111.062 63.0772 61.449 60.0006 42.9175 39.1939 63.1799 28.3916 23.7388 22.4227 22.0805 21.0506 20.3286 19.3352 18.0375 17.8386 17.8344 17.4928 16.5742 15.5725 15.8936
threshold=1.2424533367156985 0.73214286565780651 0.92857143282890331 0.077003493905067458 5.6046395301818857 0.73214286565780651 0.28046900033950811 7.0143423080444345 0.094984810799360289 9.2269592285156268 0.31605659425258642 0.58571431040763866 7.7594006061553964 1.0000000180025095e-35 0.84523808956146251 0.26941643655300146 0.25309281051158911 0.002289154333993793 0.35247544944286352 0.0039765862748026857 0.67390069365501415 0.96491318941116344
decision_type=2 2 2 2 2 2 2 2 2 2 2 2 2 2 2 2 2 2 2 2 2 2
left_child=4 2 3 8 -1 6 -5 16 11 13 -10 -2 17 -9 -6 19 -8 20 -12 -11 21 -3
right_child=1 12 -4 5 14 -7 7 9 10 15 18 -13 -14 -15 -16 -17 -18 -19 -20 -21 -22 -23
leaf_value=0.00084060837891733204 -0.026346466869970834 0.010296869504437471 0.030423837233972465 -0.018196111435324847 -0.037504209136727244 0.027572309433659337 0.030830101233031888 -0.0043962186528223746 0.011893255757567604 -0.025357483272776562 -0.027415809948167103 0.01726755421365626 0.0018399880382388616 0.012098513525998873 -0.0086702488160925531 -7.479502470462946e-05 0.0025709322667709987 0.025410408448044281 0.0094575828173095559 0.0061821511346719779 0.0011118431937454955 0.02277048435789563
leaf_weight=139.971238976721 388.20502335178026 756.35777803441488 101.25875031190481 255.25422996291582 335.52969840883634 99.027943107883402 153.59792811047737 415.13502229297228 98.320136276355697 195.66415323120054 82.234674735456792 21.679935056421527 389.37548108427109 231.56277755299743 58.764571519578567 145.93433306154839 64.639657638952485 219.49491077065977 34.169677003352263 38.484326311117911 239.41797063455306 290.71766946181015
leaf_count=69996 290046 43689 4873 116191 750545 2458 3673 42141 23577 71435 16740 4781 19435 7371 38583 17177 771 2881 3990 786 8769 1107
internal_value=9.74139e-11 0.00312441 -0.00346449 -0.00507228 -0.024482 -0.000382998 -0.00231369 0.00100229 -0.0169807 -0.00369822 -0.00360609 -0.0238593 0.0111953 0.00155755 -0.0333693 -0.0125448 0.0227051 0.0136 -0.0166482 -0.0201528 0.0114944 0.0138519
internal_weight=4754.8 4220.53 2325.17 2223.91 534.266 1599.3 1500.27 1245.02 624.609 1026.78 214.724 409.885 1895.36 646.698 394.294 380.083 218.238 1505.99 116.404 234.148 1286.49 1047.08
internal_count=1541015 681891 606010 601137 859124 262003 259545 143354 339134 138910 44307 294827 75881 49512 789128 89398 4444 56446 20730 72221 53565 44796
is_linear=0
shrinkage=0.045


Tree=83
num_leaves=23
num_cat=0
split_feature=25 31 35 18 11 16 27 34 8 26 26 25 25 34 24 8 36 27 16 30 11 20
split_gain=171.552 103.299 61.054 57.7186 57.2994 49.7601 39.6327 36.866 27.8969 25.518 41.4459 20.7799 22.4997 22.0997 22.4838 20.6277 19.5072 19.0472 18.8447 17.334 16.5288 15.9281
threshold=1.2424533367156985 0.73214286565780651 0.92857143282890331 5.6046395301818857 0.077003493905067458 1.0000000180025095e-35 0.73214286565780651 5.3447208404541025 0.094984810799360289 0.28046900033950811 0.91915413737297069 4.4425818920135507 7.1183617115020761 8.2020716667175311 1.0000000180025095e-35 0.14542070776224139 0.36038962006568914 0.84523808956146251 0.056944392621517188 2.7403194904327397 0.48559011518955236 0.49094407260417944
decision_type=2 2 2 2 2 2 2 2 2 2 2 2 2 2 2 2 2 2 2 2 2 2
left_child=3 2 4 -1 5 -2 7 19 16 -9 -11 20 -13 14 -14 -12 18 -5 -7 -6 -3 -10
right_child=1 11 -4 17 6 8 -8 9 21 10 15 12 13 -15 -16 -17 -18 -19 -20 -21 -22 -23
leaf_value=0.00060964785652929004 0.037543514036337398 0.0070419856226207143 0.029924116556281605 -0.037308300643651031 -0.010027694278521525 -0.032893580665657444 0.026395974945857936 -0.020406884014587266 0.00597872375184633 0.016695735377386323 -0.012836308522100607 0.024116348118565074 0.0068036220939648347 -0.010049226588523716 0.019141948408450529 0.0020565145917466831 -0.044168424241850995 -0.0085189405511009036 -0.0096465609742928549 0.016230279501848563 -0.016830703190934253 -0.018831277226218003
leaf_weight=139.67626331188876 28.225749880526564 164.90927881969583 101.62601229341999 325.03542965493943 59.555029774730428 126.65178006417773 99.385894013574216 199.9584585243183 108.40559883622336 173.87299698956485 497.61650568333062 284.8760585633936 753.00778885572436 97.622199449007894 501.51352360530655 299.22109174511934 93.89684853228573 58.227519953436058 165.51091590274518 257.37587932981478 84.785933832700721 93.296546896257496
leaf_count=69996 774 30544 4873 750545 10384 149028 2458 99011 26186 6643 98296 5865 17934 2656 4442 19896 117509 38583 27680 25315 14440 17957
internal_value=3.88863e-10 0.0030416 -0.00334871 -0.0241761 -0.00494792 -0.0165367 -0.000411932 -0.00228538 -0.0194285 -0.00597298 -0.00291038 0.0108355 0.0126748 0.0101843 0.0117925 -0.00726594 -0.0264498 -0.0331005 -0.020108 0.011217 -0.00123544 -0.00567497
internal_weight=4714.25 4191.31 2304.6 522.939 2202.97 615.987 1586.99 1487.6 587.762 1170.67 970.711 1886.71 1637.02 1352.14 1254.52 796.838 386.06 383.263 292.163 316.931 249.695 201.702
internal_count=1541015 681891 606010 859124 601137 339134 262003 259545 338360 223846 124835 75881 30897 25032 22376 118192 294217 789128 176708 35699 44984 44143
is_linear=0
shrinkage=0.045


Tree=84
num_leaves=23
num_cat=0
split_feature=15 31 27 16 26 25 25 23 9 23 18 16 18 25 35 36 36 9 34 41 11 30
split_gain=163.979 80.509 59.0662 53.8029 49.943 56.5426 35.0382 32.094 30.7287 29.7525 26.3522 25.6678 28.5371 24.7732 22.725 19.5659 124.926 22.2656 21.9017 19.186 17.7791 17.7702
threshold=0.21902852505445483 0.73214286565780651 0.84523808956146251 1.0000000180025095e-35 0.28046900033950811 7.4100408554077157 4.2483932971954355 0.0057315914891660222 0.25811158120632177 1.0000000180025095e-35 3.620669007301331 1.0000000180025095e-35 2.7362614870071416 8.2090454101562518 0.92857143282890331 0.96666666865348827 0.26969698071479803 0.20629718154668811 7.7014262676239023 4.5000000000000009 0.8850439488887788 2.8029010295867924
decision_type=2 2 2 2 2 2 2 2 2 2 2 2 2 2 2 2 2 2 2 2 2 2
left_child=3 2 4 9 11 -6 -3 8 14 -1 13 -2 -13 -5 19 16 18 -18 -8 -7 -17 -9
right_child=1 6 -4 10 5 7 15 21 -10 -11 -12 12 -14 -15 -16 20 17 -19 -20 -21 -22 -23
leaf_value=0.045513293427097319 0.028244968235084388 -0.0037170227575866834 0.025847061784356445 0.0023280770873241544 0.013993531114880163 -0.012545015458643668 0.017224283842830094 -0.029093669010817759 0.00078769106718273841 -0.030471870818217884 -0.038822319208563778 0.015854167435346435 -0.02481942520269587 -0.029931600462256437 0.028650086644539614 0.019390678655015283 -0.059253003213332066 -0.012794192098183693 -0.0017858239614081243 -0.03493374520632557 -0.0041578936929289783 0.019123136239179238
leaf_weight=28.553503539413214 18.313697715493618 335.93045766136675 130.02597869210877 83.834688604161784 372.07145441154717 589.77826413442745 605.24319955930332 12.98767119469994 455.43603829599306 11.049937812982533 250.9148093368849 35.18538478139817 366.2587132675435 106.31183781493928 19.811014601058559 716.93914102371491 52.029850083472411 38.362185787162161 152.51262378866159 87.352169877851338 69.588507746200776 130.67769789481827
leaf_count=80 1171 80137 4174 78661 10136 97817 8978 284 38746 10093 757941 3730 206145 194628 928 9643 3819 1016 3519 26670 847 1852
internal_value=-1.27091e-10 0.00286683 -0.00301191 -0.0247539 -0.00486661 -0.00135458 0.00947418 -0.00579761 -0.00830688 0.0232731 -0.0292788 -0.0186432 -0.0211033 -0.0160132 -0.0142133 0.0121881 0.00737942 -0.0412401 0.0134115 -0.0156681 0.0172941 0.0139323
internal_weight=4669.17 4188.5 2217.9 480.665 2087.87 1668.11 1970.61 1296.04 1152.38 39.6034 441.061 419.758 401.444 190.147 696.941 1634.68 848.148 90.392 757.756 677.13 786.528 143.665
internal_count=1541015 499612 391653 1041403 387479 176433 107959 166297 164161 10173 1031230 211046 209875 273289 125415 27822 17332 4835 12497 124487 10490 2136
is_linear=0
shrinkage=0.045


Tree=85
num_leaves=23
num_cat=0
split_feature=25 31 34 18 20 15 35 35 23 16 16 24 16 10 6 16 30 30 23 10 34 30
split_gain=156.563 91.9772 63.3713 54.1987 36.4136 30.2606 25.2115 25.1095 22.8203 24.3626 34.0254 21.6569 21.1924 21.1499 24.6602 18.7129 18.6051 16.1363 16.0354 18.0557 15.8071 15.6928
threshold=1.2424533367156985 0.84523808956146251 6.5799453258514413 5.6046395301818857 0.0023157780524343257 0.68187072873115551 0.73214286565780651 0.92857143282890331 0.12232714518904687 0.0063092110212892303 0.062994252890348448 1.0000000180025095e-35 1.0000000180025095e-35 0.034390378743410117 0.30141094326972967 0.093548052012920394 3.1984648704528813 3.5114340782165532 0.030493731610476974 0.067838340997695937 5.478551149368287 2.4414010047912602
decision_type=2 2 2 2 2 2 2 2 2 2 2 2 2 2 2 2 2 2 2 2 2 2
left_child=3 2 5 -1 -4 6 12 8 9 -6 -11 -3 -2 -14 21 -5 20 -12 19 -17 -7 -15
right_child=1 11 4 15 7 16 -8 -9 -10 10 17 -13 13 14 -16 18 -18 -19 -20 -21 -22 -23
leaf_value=0.00054127764916809 0.031646503605840592 0.0071170217261716439 -0.03110213314505194 -0.039908948740670601 0.031010539981464941 0.013985375727099179 0.029391347905281844 0.027495642385106281 0.020885629186810559 -0.027941297652287384 -0.013018833682495923 0.017830153277411408 -0.017199450520789229 -0.031348913572785034 -0.011198300423830191 0.0069848478539676611 0.019072162576774396 0.00031148434911122203 0.023515961603003954 -0.033033733099822958 -0.0065388083064833119 0.014654968097067463
leaf_weight=137.50620971333956 26.284925247695355 1051.5106037179867 142.62301773034051 240.0107377415552 23.742589100038458 140.68424017948564 42.568762783061175 36.023657642783292 46.27439693110864 191.18187874957675 386.4841857417523 606.79782821733988 224.32152262220916 11.657899870637264 193.60548999296952 28.652827437343149 313.10879324273265 346.3372417754872 13.111754051946262 83.908180173535584 154.3980784080195 183.29207268059872
leaf_count=69996 728 48706 182339 712707 2045 1980 4255 2001 1291 134876 27569 10966 133790 6772 49749 12465 3891 19542 2630 61326 3614 47777
internal_value=-2.62275e-10 0.00290288 -0.00261416 -0.0235679 -0.0101642 0.00426228 -0.00224669 -0.00712879 -0.00851493 -0.0100525 -0.0112689 0.0110789 -0.00456559 -0.00636217 3.34472e-05 -0.0325186 0.0115171 -0.0067594 -0.0174175 -0.022983 0.00331634 0.0111888
internal_weight=4624.09 4120.9 2462.59 503.19 1172.67 1289.92 681.731 1030.04 994.02 947.746 924.003 1658.31 639.162 612.877 388.555 365.683 608.191 732.821 125.673 112.561 295.082 194.95
internal_count=1541015 681891 622219 859124 369663 252556 243071 187324 185323 184032 181987 59672 238816 238088 104298 789128 9485 47111 76421 73791 5594 54549
is_linear=0
shrinkage=0.045


Tree=86
num_leaves=23
num_cat=0
split_feature=15 31 27 16 26 25 25 24 23 18 25 18 16 8 41 34 34 35 34 11 9 22
split_gain=149.03 75.4704 53.7348 48.0603 45.0063 51.0085 33.4302 30.5694 27.5721 25.2457 23.0568 22.7836 25.2291 20.8268 23.1027 19.4863 18.9009 18.1879 16.3823 17.1118 16.3414 16.1976
threshold=0.21902852505445483 0.73214286565780651 0.84523808956146251 1.0000000180025095e-35 0.28046900033950811 7.4100408554077157 4.2483932971954355 1.0000000180025095e-35 1.0000000180025095e-35 3.620669007301331 8.2090454101562518 2.7362614870071416 1.0000000180025095e-35 0.082130517810583129 1.0000000180025095e-35 7.7014262676239023 7.2643799781799325 0.58571431040763866 6.5673751831054696 0.32925006747245794 0.23161652684211734 0.74959781765937816
decision_type=2 2 2 2 2 2 2 2 2 2 2 2 2 2 2 2 2 2 2 2 2 2
left_child=3 2 4 8 11 18 -3 17 -1 10 -5 -2 -13 14 16 -8 -9 -7 -6 -20 21 -17
right_child=1 6 -4 9 5 7 15 13 -10 -11 -12 12 -14 -15 -16 20 -18 -19 19 -21 -22 -23
leaf_value=0.044660444824943267 0.015138495130188064 -0.0038268805213930329 0.024689306132142493 0.0022501619945964413 0.020300886941841918 -0.013585866359734751 0.014445625525402746 0.0075964527373558926 -0.029961815511131001 -0.038327481709279881 -0.029314489568423856 0.02573781794282361 -0.02406534670406647 0.01300843122069178 -0.039196560727296575 0.0072494451158524979 -0.026404047786468241 0.0049810377667067647 -0.010648392002363309 0.021878326766455427 0.012841171368687834 -0.018156794553967039
leaf_weight=26.685047025792301 34.594020329950581 331.2732580122065 128.05878782697255 82.409148650701354 232.36869408092753 707.30771139880017 1255.3672442379066 146.81636681123746 10.55268149985204 235.40248367588447 101.6417553380752 17.873096073308261 354.76189712181895 230.49857448891999 31.059853509279492 92.476067060379137 37.342719001366277 123.03446550469016 89.641549662614125 45.089068990673695 162.47612110825867 102.44075017884097
leaf_count=80 3730 80137 4174 78661 4594 128880 19967 7743 10093 757941 194628 1171 206145 8123 6012 1951 4902 10637 5060 482 2576 3328
internal_value=-1.80531e-10 0.00271216 -0.00303739 -0.0242465 -0.00482493 -0.00148493 0.00914626 -0.00574078 0.02247 -0.0286097 -0.0154956 -0.0181203 -0.0213674 0.00373913 -0.00625821 0.0118146 0.000186334 -0.0108214 0.013187 0.000630389 0.00250131 -0.00622325
internal_weight=4579.17 4122.48 2178.45 456.691 2050.39 1643.16 1944.03 1276.06 37.2377 419.453 184.051 407.229 372.635 445.718 215.219 1612.76 184.159 830.342 367.099 134.731 357.393 194.917
internal_count=1541015 499612 391653 1041403 387479 176433 107959 166297 10173 1031230 273289 211046 207316 26780 18657 27822 12645 139517 10136 5542 7855 5279
is_linear=0
shrinkage=0.045


Tree=87
num_leaves=23
num_cat=0
split_feature=26 31 36 36 16 34 8 16 27 25 25 34 3 23 35 30 24 36 36 11 4 32
split_gain=141.332 82.6807 55.6014 47.0194 46.0474 36.8394 29.1901 27.1615 23.3834 23.2866 23.6924 22.9651 20.7619 19.6172 19.5594 19.5446 15.9818 14.9867 93.0439 17.7476 17.5198 14.8904
threshold=0.00068804188049398373 0.73214286565780651 0.96666666865348827 0.20714285969734195 0.093548052012920394 7.2643799781799325 0.080224212259054198 1.0000000180025095e-35 0.58571431040763866 4.8361558914184579 7.1183617115020761 5.5510177612304696 0.36712631583213812 0.025498098693788055 0.92857143282890331 3.5114340782165532 1.0000000180025095e-35 0.96666666865348827 0.26969698071479803 0.8850439488887788 0.40174874663352972 0.32575757801532751
decision_type=2 2 2 2 2 2 2 2 2 2 2 2 2 2 2 2 2 2 2 2 2 2
left_child=4 2 3 5 7 8 -5 -1 14 -3 -11 -4 -6 17 -2 16 -13 18 -12 21 -21 -19
right_child=1 9 11 6 12 -7 -8 -9 -10 10 13 15 -14 -15 -16 -17 -18 19 -20 20 -22 -23
leaf_value=0.011563685618692329 -0.0060912864352487151 -0.0020536385645630647 0.016410037225775779 -0.035336867328639429 0.018337354294819801 -0.021929072772426134 -0.0040901650919350635 -0.041182148691466913 0.013901604127503613 0.024356577124010674 0.0087754967978170909 -0.011571571697503003 -0.015965024818559284 0.024149657134054946 0.033131493632346971 0.009426728108114282 0.0067965472377776734 0.023019147931771115 -0.044579538687700856 0.02231539143711668 -0.033465952983803109 0.0076223804379786219
leaf_weight=19.481081815858488 616.29405976620274 294.25832409926443 251.64276966384932 189.65347619604199 45.794897118566041 198.11803316997248 89.956259760541798 230.09109611186341 173.77492780176908 248.71750067989706 532.34424046124695 282.60564110807718 117.22777502973713 153.34344151367259 21.929583488705248 300.28808637762086 139.91793270374546 234.24776065179321 70.493852227766183 13.324357452336697 27.518385322182439 287.97429732123419
leaf_count=9780 190407 39282 16662 164864 21652 87568 22419 791337 7059 4832 10843 51650 62792 711 1165 35808 8706 3042 5126 184 389 4737
internal_value=4.51644e-10 0.00252176 -0.00325305 -0.00936725 -0.0249486 -0.0047888 -0.0255326 -0.0369187 -0.00049817 0.00953295 0.011707 0.00484584 -0.00607017 0.00923923 -0.00449651 0.000734751 -0.00548065 0.00718341 0.00222096 0.0124301 -0.014819 0.0146816
internal_weight=4539 4126.4 2264.18 1289.73 412.595 1010.12 279.61 249.572 811.999 1862.22 1567.96 974.454 163.023 1319.25 638.224 722.812 422.524 1165.9 602.838 563.065 40.8427 522.222
internal_count=1541015 655454 586308 473482 885561 286199 187283 801117 198631 69146 29864 112826 84444 25032 191572 96164 60356 24321 15969 8352 573 7779
is_linear=0
shrinkage=0.045


Tree=88
num_leaves=23
num_cat=0
split_feature=15 31 27 16 35 8 36 25 23 18 34 25 20 24 30 34 0 16 5 16 20 16
split_gain=134.465 66.626 50.6962 44.0637 42.3566 33.3103 40.418 28.8081 26.8 24.5198 24.1356 21.3922 19.4466 18.5222 17.7035 20.0927 13.793 25.1054 17.8526 15.3178 13.6977 13.3708
threshold=0.21902852505445483 0.73214286565780651 0.84523808956146251 1.0000000180025095e-35 0.92857143282890331 0.080224212259054198 0.25833334028720861 4.2483932971954355 1.0000000180025095e-35 3.620669007301331 7.6258389949798593 8.2090454101562518 0.40281091630458837 1.0000000180025095e-35 3.5114340782165532 6.6046209335327157 0.032852560281753547 0.20813781768083575 0.14643523842096332 0.084017772227525725 0.0019843365298584108 1.0000000180025095e-35
decision_type=2 2 2 2 2 2 2 2 2 2 2 2 2 2 2 2 2 2 2 2 2 2
left_child=3 2 4 8 5 6 10 -3 -1 11 16 20 -8 -9 15 -7 18 21 19 -2 -5 -18
right_child=1 7 -4 9 -6 14 12 13 -10 -11 -12 -13 -14 -15 -16 -17 17 -19 -20 -21 -22 -23
leaf_value=0.044395532506445672 -0.015251532496664754 -0.0034806522859142609 0.024206828470174496 -0.017727051481359727 0.027916970051165967 0.0017855125131231587 -0.042440552909817041 0.0072294040192168833 -0.029897240266146735 -0.037862405819613518 -0.029342678988212089 -0.028605900339446863 -0.010732185318170738 0.017246588457877309 0.0087933764810528853 -0.015767621367648213 0.025036085796697378 0.0017229579777866852 0.027794870041852878 0.01204955495214621 0.017435345035317684 -0.018803349516882222
leaf_weight=25.478177512065031 82.755568578012571 327.82677340943155 126.31423629251731 34.838125574527112 72.897986836014752 379.2425506851805 107.10352569244696 982.88130238303347 10.372825476599244 221.3370592069291 85.683104831618039 97.006828818273789 66.846727898773679 612.35501793400908 321.8748532403215 196.89469751194611 10.581431010912636 270.93901374234702 47.917005467927083 74.283676848564937 46.451710252415069 299.26835992550696
leaf_count=80 33734 80137 4174 57870 5077 46541 57813 22506 10093 757941 29363 194628 13595 5316 38598 38561 330 5625 6442 4607 20791 107193
internal_value=3.99557e-11 0.00255568 -0.00289965 -0.0236179 -0.00465347 -0.00594371 -0.0113842 0.00862555 0.0218719 -0.0279186 -0.00733531 -0.0148782 -0.0308958 0.0111165 0.000417496 -0.00429731 -0.00476511 -0.00828922 0.00518083 -0.00236408 0.00221192 -0.0169324
internal_weight=4501.15 4065.67 2142.6 435.485 2016.29 1943.39 1045.38 1923.06 35.851 399.634 871.428 178.297 173.95 1595.24 898.012 576.137 785.745 580.789 204.956 157.039 81.2898 309.85
internal_count=1541015 499612 391653 1041403 387479 382402 258702 107959 10173 1031230 187294 273289 71408 27822 123700 85102 157931 113148 44783 38341 78661 107523
is_linear=0
shrinkage=0.045


Tree=89
num_leaves=23
num_cat=0
split_feature=25 31 11 18 16 27 0 16 8 30 5 16 23 20 24 9 16 13 24 34 7 26
split_gain=127.313 74.4965 52.8519 48.5869 39.999 35.2098 30.1586 39.2045 29.3436 25.8069 24.969 22.1611 19.8126 19.3896 19.2542 18.4398 18.0424 17.9193 17.0202 23.0905 15.6197 16.2279
threshold=1.2424533367156985 0.84523808956146251 0.077003493905067458 5.6046395301818857 1.0000000180025095e-35 0.84523808956146251 0.034145472571253783 0.19973536580801013 0.087808258831501021 3.0677825212478642 0.034028338268399246 1.0000000180025095e-35 1.0000000180025095e-35 0.19791109859943393 1.0000000180025095e-35 0.0077617487404495486 0.093548052012920394 0.58250975608825695 1.2424533367156985 7.3248195648193368 0.99784985184669506 0.61475160717964183
decision_type=2 2 2 2 2 2 2 2 2 2 2 2 2 2 2 2 2 2 2 2 2 2
left_child=3 2 4 -1 -2 6 10 11 15 13 -4 12 -8 -9 20 17 -5 -6 19 -11 21 -3
right_child=1 14 5 16 8 -7 7 9 -10 18 -12 -13 -14 -15 -16 -17 -18 -19 -20 -21 -22 -23
leaf_value=0.00089207816308160533 0.036723185272009649 -0.0052427955743548256 3.1646820327517145e-05 -0.0390098933672949 -0.024787547961022231 0.025470193072587754 0.045970164789409837 -0.042687848401554651 -0.003044749703561913 0.010841820774111803 0.023313666508052538 -0.014172545975260827 -0.023281837236069473 -0.0039325658795847937 0.016484322811498801 -0.041911221069658333 -0.01633752076377374 0.0003930906518356714 0.030258519464717581 -0.014249274838770788 0.024196930436100515 0.0080610702927962682
leaf_weight=133.69598564310991 25.605311034742044 249.3530435874045 196.80648253000709 212.73974669006657 202.28487763976955 110.85388259894262 19.416998244822029 25.889548769388057 215.18318085049395 359.46382264985732 172.34763888949419 548.4900900435432 8.9629718784490233 179.00726273676264 592.50574346633766 86.55282781831238 122.32828824567696 78.841022331318527 61.723406701348722 88.69290421428741 85.052106634241682 690.47937201849709
leaf_count=69996 797 34426 70131 712707 169443 2218 35 1028 47491 4736 27799 165673 1282 2825 10966 122777 76421 3794 352 1838 1036 13244
internal_value=7.40419e-10 0.00261099 -0.00245302 -0.0220585 -0.0138372 0.00148479 -0.000187817 -0.00343492 -0.0163518 0.00360267 0.0110677 -0.0121109 0.0238877 -0.00972968 0.0100477 -0.0239944 -0.0310945 -0.0178422 0.00900277 0.00577371 0.00626456 0.00452227
internal_weight=4466.28 3997.51 2380.12 468.764 608.467 1771.66 1660.8 1291.65 582.862 714.777 369.154 576.87 28.38 204.897 1617.39 367.679 335.068 281.126 509.88 448.157 1024.88 939.832
internal_count=1541015 681891 622219 859124 344302 277917 275699 177769 343505 10779 97930 166990 1317 3853 59672 296014 789128 173237 6926 6574 48706 47670
is_linear=0
shrinkage=0.045


Tree=90
num_leaves=23
num_cat=0
split_feature=25 31 18 27 25 16 16 8 26 41 26 18 23 36 36 20 34 10 0 27 1 38
split_gain=122.146 69.658 62.0658 57.6527 47.9402 45.8812 51.3076 41.7105 31.2977 23.7557 23.5203 27.8503 23.1038 26.3098 109.171 23.732 17.4606 16.6134 16.3796 23.6392 15.6194 15.3762
threshold=3.5114340782165532 0.63333335518836986 2.7362614870071416 0.58571431040763866 7.3106899261474618 0.093548052012920394 1.0000000180025095e-35 0.08594765886664392 0.12960786372423175 2.5000000000000004 0.01884463801980019 4.8338973522186288 0.0019436097354628148 0.96666666865348827 0.21825397014617923 0.41628286242485052 7.5905995368957528 0.02594475727528334 0.25025999546051031 0.73214286565780651 0.24734456837177279 6.5546452999114999
decision_type=2 2 2 2 2 2 2 2 2 2 2 2 2 2 2 2 2 2 2 2 2 2
left_child=2 3 -1 4 8 6 -4 9 -2 16 -8 -12 13 14 21 -16 -6 -10 -15 -20 -19 -3
right_child=1 12 5 -5 7 -7 10 -9 17 -11 11 -13 -14 18 15 -17 -18 20 19 -21 -22 -23
leaf_value=0.025205961284108284 -0.018070518180705812 0.012317675506713702 0.01995449279086757 0.022896555025328516 -0.011858166717230481 -0.0076977816575599647 -0.039167381590580426 -0.0016834212763838343 -0.0010949849893240819 -0.038768750190046726 -0.031556020451196494 0.030995161142758593 0.020114217900979999 0.016929601455954315 -0.057507642383153139 -0.015387296479548635 -0.041719504271592177 0.029629794855174765 -0.0098995395886824419 0.015496175890203677 -0.00097263793722467064 -0.00032150704149069978
leaf_weight=66.119353838512325 70.885929234630566 501.80346946986629 35.289625532404898 142.40473778366322 390.85916017312047 385.26353640638126 310.69619877757805 456.03288436884213 90.656200503355649 107.71727075329909 28.562433726227027 20.356442006526777 312.01599672540033 570.7679500994218 58.949190925096445 55.586039802496089 40.635937104801087 136.52228374792321 134.26254641624655 154.40804224719614 43.951526847769856 316.31299622589086
leaf_count=6158 35845 21927 11019 3708 150892 102278 894834 63899 15302 118151 18191 1109 2713 18610 16880 2090 30038 4507 3801 1752 576 16735
internal_value=3.29344e-11 0.00363515 -0.0153247 -0.00383885 -0.00676058 -0.0188983 -0.0295926 -0.0117412 0.00769309 -0.0201539 -0.0346617 -0.00506631 0.00888772 0.00688258 0.00163122 -0.0385646 -0.015116 0.0146341 0.0125389 0.00371702 0.0223517 0.00745865
internal_weight=4430.06 3583.77 846.288 1479.67 1337.26 780.168 394.905 995.245 342.016 539.212 359.615 48.9189 2104.11 1792.09 932.652 114.535 431.495 271.13 859.439 288.671 180.474 818.116
internal_count=1541015 507426 1033589 422918 419210 1027431 925153 362980 56230 299081 914134 19300 84508 81795 57632 18970 180930 20385 24163 5553 5083 38662
is_linear=0
shrinkage=0.045


Tree=91
num_leaves=23
num_cat=0
split_feature=15 31 35 16 34 16 26 26 23 11 18 16 24 11 16 26 34 11 1 8 34 4
split_gain=114.108 60.3406 41.2026 37.4928 33.8187 27.945 26.8266 32.2173 25.5403 24.9006 23.1224 21.6353 21.2839 18.5668 17.263 18.6345 16.9618 16.7513 15.4922 15.4094 15.0459 14.7312
threshold=0.21902852505445483 0.73214286565780651 0.92857143282890331 1.0000000180025095e-35 5.64367699623108 0.24386043101549151 0.28046900033950811 0.91915413737297069 1.0000000180025095e-35 0.81332767009735119 3.620669007301331 1.0000000180025095e-35 1.0000000180025095e-35 0.12636673450469973 0.0063492704648524531 0.1775985658168793 8.2020716667175311 0.13290657103061679 0.091320402920246138 0.22267995774745944 7.8545751571655282 0.019058052450418476
decision_type=2 2 2 2 2 2 2 2 2 2 2 2 2 2 2 2 2 2 2 2 2 2
left_child=3 2 4 8 19 6 11 -8 -1 -7 17 -6 14 -9 -3 20 -14 -5 21 -2 -16 -15
right_child=1 12 -4 10 5 9 7 13 -10 -11 -12 -13 16 18 15 -17 -18 -19 -20 -21 -22 -23
leaf_value=0.043741220830480085 0.00067493516432033109 0.043699681310266476 0.024615191089404926 -0.021923352977638574 0.023806040195628642 0.0095534117294155327 0.010382208497550918 -0.019938514483730928 -0.029997608827161178 -0.020675110111285602 -0.037007577678025635 -0.028057111973814788 0.01659711193981853 -0.012597083640745563 -0.0017496264779677769 0.0070140286521059624 -0.0083979209724487913 0.0096691686175659607 -0.01161582878767382 0.017841545453366376 -0.030309083160255476 0.016634003669239457
leaf_weight=23.476530406624079 406.75244617291173 17.391503444279806 99.554084588895421 126.13327511600073 13.820844518464581 267.625015891972 160.22747262913981 309.22658739653434 10.0740255987439 64.289347550489765 201.26067590801722 224.04439149778682 625.95173969271309 49.496305835720705 260.81282212364658 892.23210089284476 57.224660565485465 42.606646027840725 269.55615991241211 138.35391957217053 38.744746681029937 94.002017344751948
leaf_count=80 62976 527 6055 234189 944 3177 9046 92434 10093 1344 757941 157066 14581 7617 58214 19597 1619 39100 29832 12010 13421 9152
internal_value=-2.96629e-11 0.00231689 -0.00293815 -0.0226517 -0.0043695 -0.00794971 -0.0113357 -0.00763787 0.0205811 0.00347843 -0.026794 -0.0246156 0.00813247 -0.0116793 0.00451397 0.00376196 0.0144577 -0.0138976 -0.00533158 0.00515457 -0.00588045 0.00646678
internal_weight=4392.86 3989.31 2096.95 403.551 1997.39 1452.29 1120.37 882.509 33.5506 331.914 370.001 237.865 1892.36 722.281 1209.18 1191.79 683.176 168.74 413.054 545.106 299.558 143.498
internal_count=1541015 499612 391653 1041403 385598 310612 306091 148081 10173 4521 1031230 158010 107959 139035 91759 91232 16200 273289 46601 74986 71635 16769
is_linear=0
shrinkage=0.045


Tree=92
num_leaves=23
num_cat=0
split_feature=26 31 34 16 10 24 16 9 16 16 25 25 18 0 30 23 4 20 30 11 18 16
split_gain=109.397 66.116 45.5005 40.7088 31.0494 24.657 24.4945 23.0396 21.1333 22.0368 20.9256 22.6263 19.157 16.8055 15.1532 14.8384 14.1941 14.102 13.9951 14.8827 13.5665 21.058
threshold=0.00068804188049398373 0.73214286565780651 6.5799453258514413 0.086939826607704176 0.12003668770194055 1.0000000180025095e-35 1.0000000180025095e-35 0.24746407568454745 0.0063492704648524531 0.082509920001029982 4.8361558914184579 7.1183617115020761 5.8559153079986581 0.026143929921090606 3.0677825212478642 0.025498098693788055 0.14533946663141253 0.92844739556312572 2.5249279737472539 0.11431477963924409 9.7430734634399432 0.29426939785480505
decision_type=2 2 2 2 2 2 2 2 2 2 2 2 2 2 2 2 2 2 2 2 2 2
left_child=3 2 5 6 8 7 -1 18 -4 -10 20 -12 -5 -11 16 -13 -6 -9 -2 -20 21 -3
right_child=1 10 4 12 14 -7 -8 17 9 13 11 15 -14 -15 -16 -17 -18 -19 19 -21 -22 -23
leaf_value=0.011172247909173301 -0.030687004144510754 -0.02247307641129857 0.024771214539100778 0.015437210284523811 0.01520348302366578 0.013372322927939386 -0.040638323525921685 0.011908722873372867 -0.028944452565594813 0.0039907076098710829 0.023210209878469213 0.0063748512323116352 -0.016422809506881849 -0.017319078660189315 0.0041276453609594005 0.021294499123102235 -0.027716257268977525 -0.010440384161624891 -0.015272166038641026 0.0012029121858284162 0.0068519255072759903 0.0159914610703361
leaf_weight=18.296410811708483 41.877234339828647 103.37672961341741 19.86263599679296 52.715727230483026 17.090934803682103 321.27130664965898 192.16472145572288 288.71877236689397 230.72567860138315 105.81549943222853 239.93492272825824 1132.2592355313791 109.60852180292432 239.05573054433262 312.38713494723379 150.10716389854497 58.722841480591342 66.876536262310765 169.5981511184591 303.17464095746345 145.89112095050223 35.214108055341057
leaf_count=9780 16476 29497 4861 10338 4200 28716 781370 28142 261686 9767 4832 24321 84073 25408 34204 711 8193 8066 107016 49573 9480 305
internal_value=-2.59427e-10 0.002193 -0.00308957 -0.0231438 -0.0102279 0.0028216 -0.0359794 -0.00112758 -0.01664 -0.0182701 0.00854363 0.0106317 -0.00592397 -0.0108171 -0.000305793 0.00819719 -0.0176987 0.00761906 -0.0071862 -0.00480518 -0.00262048 -0.0124832
internal_weight=4354.75 3981.96 2175.18 372.785 983.66 1191.52 210.461 870.245 595.46 575.597 1806.78 1522.3 162.324 344.871 388.201 1282.37 75.8138 355.595 514.65 472.773 284.482 138.591
internal_count=1541015 655454 586308 885561 348319 237989 791150 209273 301722 296861 69146 29864 94411 35175 46597 25032 12393 36208 173065 156589 39282 29802
is_linear=0
shrinkage=0.045


Tree=93
num_leaves=23
num_cat=0
split_feature=25 31 11 18 35 34 16 30 8 34 20 30 15 24 16 23 10 16 2 27 16 38
split_gain=104.785 64.3028 46.242 42.6632 35.4451 32.5319 29.8898 26.5239 25.3225 22.4907 19.0262 18.5608 16.5052 16.0163 15.5045 15.0664 17.3072 14.9708 14.743 14.7311 14.0286 13.7384
threshold=1.2424533367156985 0.84523808956146251 0.077003493905067458 5.6046395301818857 0.58571431040763866 7.0348284244537362 1.0000000180025095e-35 3.1984648704528813 0.094984810799360289 5.4531798362731942 0.49094407260417944 3.113268375396729 0.60447296500206005 1.0000000180025095e-35 0.093548052012920394 0.030493731610476974 0.067838340997695937 0.2302278354763985 0.064002167433500304 0.77500000596046459 1.0000000180025095e-35 6.5316059589385995
decision_type=2 2 2 2 2 2 2 2 2 2 2 2 2 2 2 2 2 2 2 2 2 2
left_child=3 2 4 21 6 7 -2 9 -8 -4 18 -7 -12 -3 20 16 -16 -13 -10 -9 -5 -1
right_child=1 13 5 14 -6 11 8 19 10 -11 12 17 -14 -15 15 -17 -18 -19 -20 -21 -22 -23
leaf_value=0.011172801217971737 0.032588769144686433 0.0058314634929636676 0.00872009936178764 0.0039682105439973296 0.021378005891112637 -0.027689622669972415 -0.026436049764022671 0.0086985084032380408 0.020173536482993248 -0.0097351258926534276 -0.038909473908533124 -0.010446835138318481 0.00059984770757243481 0.015263514908463073 0.007373071616270494 0.023939483487126673 -0.03228445722585755 0.0075979357770176561 -0.013036812896783692 0.030679359363902849 -0.041420087109470795 -0.018723062273945233
leaf_weight=85.635716220334416 19.388650930326548 998.38466854979379 220.12485624827377 14.049454347674326 49.946398729018256 79.785805288382107 326.26792732721015 626.56567288899669 63.25606685744242 324.78622879213026 42.53750709783526 274.70784519465587 38.687151761128916 579.75298078235664 28.348830579025162 12.608914550938605 77.249525362354689 135.23963026970523 40.480132292702365 64.952347752188871 172.44567248497242 42.420011395270194
leaf_count=36645 731 48706 27690 8932 7771 23386 292795 80634 15936 63969 16314 79367 1034 10966 12465 2630 61326 1559 9721 1312 703775 33351
internal_value=-1.94623e-10 0.00234902 -0.0024394 -0.0208731 -0.0133673 0.00126398 -0.0168068 0.00514921 -0.0189777 -0.00226837 -0.00547167 -0.00849795 -0.0211477 0.00933373 -0.0299067 -0.016135 -0.021786 -0.00447413 0.00721057 0.0109685 -0.0379865 0.000938006
internal_weight=4317.62 3884.86 2306.73 432.758 580.564 1726.16 530.617 1236.43 511.229 544.911 184.961 489.733 81.2247 1578.14 304.702 118.207 105.598 409.947 103.736 691.518 186.495 128.056
internal_count=1541015 681891 622219 859124 344302 277917 336531 173605 335800 91659 43005 104312 17348 59672 789128 76421 73791 80926 25657 81946 712707 69996
is_linear=0
shrinkage=0.045


Tree=94
num_leaves=23
num_cat=0
split_feature=25 31 18 27 25 15 8 26 36 36 16 16 16 41 20 11 0 11 5 0 14 23
split_gain=100.448 59.5104 54.3875 50.3234 43.0009 40.757 36.8101 26.0492 21.7631 122.319 20.9424 21.0544 20.6651 21.6719 20.242 17.585 17.8592 16.6016 16.5905 21.9434 15.6093 14.4914
threshold=3.5114340782165532 0.63333335518836986 2.7362614870071416 0.58571431040763866 7.3861021995544442 0.20391304790973666 0.094984810799360289 0.12960786372423175 0.96666666865348827 0.21825397014617923 1.0000000180025095e-35 0.03737782500684262 0.0063092110212892303 2.5000000000000004 0.41628286242485052 0.8850439488887788 0.26236869394779211 0.31686702370643621 0.38540886342525488 0.074415527284145369 0.042300976812839515 0.014274316839873792
decision_type=2 2 2 2 2 2 2 2 2 2 2 2 2 2 2 2 2 2 2 2 2 2
left_child=2 3 -1 4 7 -4 12 -2 9 21 -7 -12 -6 17 -11 -10 -17 18 -14 -20 -9 -3
right_child=1 8 5 -5 6 10 -8 20 15 14 11 -13 13 -15 -16 16 -18 -19 19 -21 -22 -23
leaf_value=0.024161121984923269 -0.01713746825094065 0.0068230178476210591 -0.035898475401381212 0.021459696908921834 0.030503767997248282 0.030876244568489735 -0.0015649458621564379 0.039017785882454824 0.014888953739549919 -0.05647855974503254 -0.032882064520055515 -0.0090292885179429194 -0.028513677140023379 -0.038587154277203717 -0.017758664410175533 0.020548811733845658 -0.019172497561384814 -0.0020199185478239545 0.038184135403883143 -0.015620178686090433 0.0085901826159289537 0.022763478592468446
leaf_weight=63.803632189501513 67.544916248746631 819.2095093923208 184.97853294478818 139.62002232660143 12.1378471519738 18.094099600399204 425.08709533659476 35.936493542643802 898.19823495631135 58.739331978481914 87.225156689423784 442.27967232393985 200.23978136154983 107.08799825008191 59.618147052875429 30.362215694951374 60.9153168297089 125.76355309106111 14.692226610428404 65.157856873242963 239.39741375601443 131.52069432802455
leaf_count=6158 35845 38924 736681 3708 2006 1436 60211 7033 23569 16978 149898 139416 156955 119589 2191 563 1253 10770 1999 9608 15194 1030
internal_value=-6.49078e-10 0.00329374 -0.0143698 -0.0037413 -0.00653462 -0.0178667 -0.011449 0.00705255 0.00818701 0.00370905 -0.0115058 -0.0132294 -0.0193605 -0.0208235 -0.0384852 0.0129823 -0.00557877 -0.0157239 -0.0217338 -0.00405359 0.0131867 0.00913572
internal_weight=4287.61 3491.23 796.381 1432.67 1293.05 732.577 950.166 342.879 2058.56 1069.09 547.599 529.505 525.079 512.941 118.357 989.476 91.2775 405.853 280.09 79.8501 275.334 950.73
internal_count=1541015 507426 1033589 422918 419210 1027431 361138 58072 84508 59123 290750 289314 300927 298921 19169 25385 1816 179332 168562 11607 22227 39954
is_linear=0
shrinkage=0.045


Tree=95
num_leaves=23
num_cat=0
split_feature=25 31 18 27 15 16 11 34 25 5 8 24 16 16 1 0 38 21 9 1 10 16
split_gain=93.8054 55.5497 50.8595 49.5458 41.3409 40.3806 36.7893 30.9543 28.7581 20.8133 20.4991 20.4409 19.6911 22.2879 19.6178 17.4124 16.6442 16.3135 16.3006 14.2507 14.2392 14.1509
threshold=3.5114340782165532 0.63333335518836986 2.2942512035369877 0.58571431040763866 0.20391304790973666 1.0000000180025095e-35 0.32925006747245794 6.4559841156005868 7.2885832786560067 0.38540886342525488 0.08594765886664392 1.0000000180025095e-35 1.0000000180025095e-35 0.03737782500684262 0.24734456837177279 0.074415527284145369 6.3724658489227304 2.8355588912963872 0.41389009356498724 0.2182760760188103 0.24854981899261477 1.0000000180025095e-35
decision_type=2 2 2 2 2 2 2 2 2 2 2 2 2 2 2 2 2 2 2 2 2 2
left_child=2 3 -1 5 21 -2 7 8 19 18 -9 16 -6 -14 -8 -11 -3 -17 -10 -7 -15 -4
right_child=1 11 4 -5 12 6 14 10 9 15 -12 -13 13 20 -16 17 -18 -19 -20 -21 -22 -23
leaf_value=0.032927396848438512 0.038801585844038207 0.0096586914614800803 0.0037661291125208186 0.021400276306540112 0.030735939272689861 0.020870538102809436 0.012379097221426825 -0.030657920544875001 -0.025907809730203565 0.042086016345511588 -0.009791233382852994 0.01365085850469165 -0.032632217879634065 -0.0025559987368217896 -0.0070200681530854887 -0.028249351689758971 -0.00062136150811480692 0.013067326141736274 0.0021446333768367432 -0.015511858184930588 -0.019490526943274002 -0.038984672035550422
leaf_weight=39.702410247246007 33.89285203970212 615.21296426419212 16.348013286085916 139.05911635280518 17.906029008343467 97.797644915725868 215.91806403850751 233.88663202884982 168.28555619721556 16.352524417651694 169.62824382633244 776.66106159204764 85.431175571356107 315.29588493393203 197.63776773358313 27.821034632858755 655.37761777822925 42.428430180283613 54.3850048180866 23.734035980609406 143.9163109260262 165.17564660314611
leaf_count=2200 564 31125 9586 3708 1436 13252 23992 205520 107506 1402 38994 15049 150694 91500 10310 5717 38334 1571 7077 3305 48940 729233
internal_value=2.9724e-10 0.00318161 -0.014009 -0.00364734 -0.0167165 -0.00643736 -0.00781602 -0.0132306 -0.00475244 -0.0119987 -0.0221133 0.00791835 -0.0105155 -0.012139 0.00313515 0.00645436 0.00437453 -0.00408521 -0.0191597 0.0134332 -0.00801602 -0.0351368
internal_weight=4251.85 3468.08 783.775 1420.83 744.073 1281.77 1247.87 834.319 430.804 309.273 403.515 2047.25 562.549 544.643 413.556 86.602 1270.59 70.2495 222.671 121.532 459.212 181.524
internal_count=1541015 507426 1033589 422918 1031389 419210 418646 384344 139830 123273 244514 84508 292570 291134 34302 8690 69459 7288 114583 16557 140440 738819
is_linear=0
shrinkage=0.045


Tree=96
num_leaves=23
num_cat=0
split_feature=16 16 25 35 24 31 34 18 24 38 36 9 22 16 22 3 25 12 34 1 21 34
split_gain=90.1286 82.6789 73.4085 35.4205 27.065 26.5462 27.7501 24.9613 24.6441 23.9661 23.9764 16.3787 15.6852 14.8994 16.4702 14.4736 14.0392 15.503 12.3302 12.4918 12.2254 11.7126
threshold=0.15644098818302157 1.0000000180025095e-35 1.4978661537170412 0.58571431040763866 1.0000000180025095e-35 0.92857143282890331 5.1503930091857919 3.2348040342330937 0.89587974548339855 6.3724658489227304 0.96666666865348827 0.0077617487404495486 0.79996603727340709 0.056115049868822105 0.7636859416961671 0.064856730401515975 4.3241107463836679 0.24301264435052874 7.7742252349853525 0.11303719505667688 0.031092908233404163 8.2020716667175311
decision_type=2 2 2 2 2 2 2 2 2 2 2 2 2 2 2 2 2 2 2 2 2 2
left_child=1 8 7 5 9 6 -4 -3 -1 -2 11 15 -10 14 -8 -11 -5 -18 19 -12 -6 -22
right_child=4 2 3 16 20 -7 13 -9 12 10 18 -13 -14 -15 -16 -17 17 -19 -20 -21 21 -23
leaf_value=0.04489950591731906 0.0076550143017910374 0.01990170161600989 0.0041005168965048766 -0.015674313759893869 -0.019518467772952644 0.0024385878028311677 -0.014146123150840443 -0.034574407176213899 0.031931509723608337 0.015403190346174331 0.024085130822184962 -0.03145819915906288 -0.035819364809410122 -0.010433079925106241 -0.034816331236297765 -0.011015959491323574 0.024464411426501752 -0.00025880043130392346 -0.016323340271589749 0.0029535669400644377 0.014684549176828609 -0.0086823512624534596
leaf_weight=71.151908644427294 819.37262251089669 15.097752737256085 162.27777029900244 32.951587587239828 19.34677295155052 314.42009806564329 191.36726176849697 252.40608650045851 6.8028637580573585 45.272446898758062 66.447808499797247 63.66042517112146 12.265977232011208 418.15431711079373 142.88796641594718 263.03930633081472 119.820374533625 87.094356430512562 46.630911562908295 282.60333230077049 741.06458964478406 42.959017816334381
leaf_count=4493 29127 4440 49800 19662 801 32897 194507 840461 15 636 844 4153 7322 87804 209597 12874 11407 9019 1570 9778 9299 509
internal_value=-9.83339e-10 -0.00751423 -0.00972819 -0.0057272 0.00574594 -0.00881341 -0.0126735 -0.0311911 0.033371 0.00232395 -0.00337899 -0.0115082 -0.0100368 -0.0162944 -0.0233652 -0.00695267 0.00994403 0.0142974 0.00431139 0.00725964 0.0124498 0.0133573
internal_weight=4217.1 1826.7 1736.48 1468.97 2390.4 1229.11 914.687 267.504 90.2207 1587.03 767.654 371.972 19.0688 752.41 334.255 308.312 239.866 206.915 395.682 349.051 803.37 784.024
internal_count=1541015 1471424 1459594 614693 69591 574605 541708 844901 11830 58982 29855 17663 7337 491908 404104 13510 40088 20426 12192 10622 10609 9808
is_linear=0
shrinkage=0.045


Tree=97
num_leaves=23
num_cat=0
split_feature=25 31 18 27 15 16 11 34 8 36 36 36 25 16 16 5 25 41 24 0 5 20
split_gain=85.17 50.9202 46.5881 41.8163 38.7604 34.7143 36.832 24.9918 23.3951 24.0471 17.9746 100.743 17.6973 16.8545 20.5279 16.3095 22.0044 15.9072 15.5222 15.2741 16.0614 14.5384
threshold=3.5114340782165532 0.84523808956146251 2.2942512035369877 0.84523808956146251 0.20391304790973666 1.0000000180025095e-35 0.11431477963924409 6.9464950561523446 0.087808258831501021 0.36038962006568914 0.96666666865348827 0.24264705926179889 9.2269592285156268 1.0000000180025095e-35 0.03737782500684262 0.38540886342525488 8.6124434471130389 7.5000000000000009 1.2424533367156985 0.032852560281753547 0.028496154583990577 0.49094407260417944
decision_type=2 2 2 2 2 2 2 2 2 2 2 2 2 2 2 2 2 2 2 2 2 2
left_child=2 3 -1 5 -4 -2 8 12 9 15 11 -3 19 -6 -15 16 -7 -13 -9 20 -8 -10
right_child=1 10 4 -5 13 6 7 18 21 -11 -12 17 -14 14 -16 -17 -18 -19 -20 -21 -22 -23
leaf_value=0.031809599601126275 0.035875187178199243 0.010438565214188202 -0.034628263538589318 0.026468953470191816 0.028433222603448858 -0.0066476516838726201 0.0060190492666506931 -0.012308581761281348 0.0081488085140094847 -0.042273420774961892 0.014919186841740614 -0.06194849347789997 -0.0061385507804750938 -0.031926221588988356 -0.0077917305137917576 0.0044662855889521444 -0.03544830799877894 -0.018071349403533166 0.011262713069206223 0.0046313355811979312 0.035702512784308374 -0.013528261606570132
leaf_weight=38.822944401656514 40.396900747087784 654.54894212754334 171.24146628207473 97.51050102858062 17.379298011743231 121.0381048412346 76.520122499201534 350.886909519033 127.95914002122117 74.744186711237489 669.76022460776221 38.482977424864657 219.8282512824444 81.185799878040598 452.95292850053193 72.129797959717507 95.945753446457729 36.58877945128188 63.202370461171085 490.77824130746285 71.024939861330495 113.65208383435311
leaf_count=2200 731 12281 738819 1013 1436 50438 12267 55644 29600 114443 9982 3432 40848 150694 140440 11275 112150 1640 3077 24963 4273 19369
internal_value=-6.01335e-10 0.00303873 -0.0135569 -0.00154106 -0.0161955 -0.00303011 -0.00396017 0.000398227 -0.0130465 -0.0201779 0.0096173 0.00468197 0.00477431 -0.0102126 -0.0117221 -0.0138441 -0.0198943 -0.0430273 -0.00861945 0.00855102 0.0210099 -0.00211547
internal_weight=4176.58 3415 761.582 2015.62 722.759 1918.11 1877.71 1272.24 605.469 363.858 1399.38 729.621 858.152 551.518 534.139 289.114 216.984 75.0718 414.089 638.323 147.545 241.611
internal_count=1541015 507426 1033589 480091 1031389 479078 478347 141072 337275 288306 27335 17353 82351 292570 291134 173863 162588 5072 58721 41503 16540 48969
is_linear=0
shrinkage=0.045


Tree=98
num_leaves=23
num_cat=0
split_feature=15 24 16 16 16 26 38 25 26 36 26 16 35 30 31 0 31 11 34 45 16 0
split_gain=80.6975 56.4464 47.8025 52.8056 23.7773 22.0283 20.2133 17.9287 21.3775 17.6139 16.981 16.7941 15.2947 13.9135 14.2825 12.7354 19.0114 14.3407 14.329 16.8402 12.4946 12.6976
threshold=0.14418074488639834 1.0000000180025095e-35 1.0000000180025095e-35 0.16650500148534778 0.0063898416701704272 0.0015880338614806535 6.3724658489227304 8.5730738639831561 0.28046900033950811 0.96666666865348827 0.9414043426513673 0.2302278354763985 0.41428571939468389 3.4498615264892583 0.92857143282890331 0.042631097137928016 0.84523808956146251 0.042296543717384345 5.3447208404541025 4.8001670837402353 0.093548052012920394 0.052729856222867973
decision_type=2 2 2 2 2 2 2 2 2 2 2 2 2 2 2 2 2 2 2 2 2 2
left_child=4 2 -2 5 -1 20 -5 8 13 -8 -10 15 -9 14 -7 17 18 -3 -17 -20 -4 -22
right_child=1 11 3 6 -6 7 9 12 10 -11 -12 -13 -14 -15 -16 16 -18 -19 19 -21 21 -23
leaf_value=0.011590126611421551 0.048507908961005257 -0.0029570857035361329 -0.036111081308619057 0.0077023071204418928 -0.032100687449114922 -0.034296715871541122 -0.010123215479898057 -0.020761609348223894 0.015382166036284292 0.0039850137138957471 -0.0047384738796123049 0.016258179704408654 -0.0029623288221248887 -0.0016051017110958118 -0.0026798379555858973 0.015279388877541272 0.010887284542599251 0.018955266944967866 0.01156051404475161 -0.016254867035752053 0.027507689513701486 -0.019908726453804957
leaf_weight=26.438466176312886 32.064819036050721 82.367694827215018 91.066637527854709 767.47529465682055 187.83066464111971 76.255028302631217 339.98837562046992 282.49634378880273 156.81300064611423 368.74570781015245 175.06338031406631 446.32552047131685 150.9747758955391 122.25149075134414 46.339370821991906 48.225011882487024 228.1893414075073 210.57492825978716 52.118279021819035 202.01680312379949 11.27190630951827 34.526903769728051
leaf_count=24438 72 19959 314603 24020 697449 39743 14526 133712 9096 10221 35145 3325 40057 31748 6103 7184 15092 20572 7678 40768 2970 42534
internal_value=-3.91967e-10 0.00148229 -0.00225061 -0.00296214 -0.0265684 -0.0101836 0.0026646 -0.00780515 -0.00256618 -0.00280638 0.00485581 0.00926641 -0.0146667 -0.0125222 -0.0229192 0.00540169 0.00120872 0.0128479 -0.00615392 -0.0104375 -0.0268451 -0.00667984
internal_weight=4139.42 3925.15 2655.33 2623.27 214.269 1147.06 1476.21 1010.19 576.722 708.734 331.876 1269.82 433.471 244.846 122.594 823.492 530.549 292.943 302.36 254.135 136.865 45.7988
internal_count=1541015 819128 704550 704478 721887 655711 48767 295604 121835 24747 44241 114578 173769 77594 45846 111253 70722 40531 55630 48446 360107 45504
is_linear=0
shrinkage=0.045


Tree=99
num_leaves=23
num_cat=0
split_feature=13 16 26 23 11 36 36 16 8 31 34 11 20 34 22 40 18 1 20 20 34 9
split_gain=76.1044 57.2409 51.6486 41.9855 41.9753 34.7884 112.772 30.16 22.8775 21.4439 19.6419 19.5621 17.7524 16.449 16.9517 15.9624 15.9108 15.6024 14.1815 21.3839 13.2753 12.9995
threshold=0.48412168025970465 1.0000000180025095e-35 0.28046900033950811 1.0000000180025095e-35 0.13290657103061679 0.96666666865348827 0.25833334028720861 0.041958741843700416 0.0161992721259594 0.73214286565780651 7.3041794300079355 0.8850439488887788 0.067387916147708907 7.7014262676239023 0.73698824644088756 27.500000000000004 3.6735348701477055 0.09465088322758676 0.00020416515326360243 0.54750928282737743 3.8815106153488164 0.26081429421901708
decision_type=2 2 2 2 2 2 2 2 2 2 2 2 2 2 2 2 2 2 2 2 2 2
left_child=1 3 7 -1 18 6 9 16 -8 10 -2 -7 17 -11 -15 -13 -3 -6 21 -20 -21 -4
right_child=5 2 4 -5 12 11 8 -9 -10 13 -12 15 -14 14 -16 -17 -18 -19 19 20 -22 -23
leaf_value=0.049340982605552794 0.0015009420740326618 -0.0053578641280784198 -0.035578248473395746 -0.02707856339481108 0.038763522335153372 0.011633635140131729 -0.0606899005572588 -0.011710252603810877 -0.022689246741248538 0.012728661201773236 -0.021453705434372351 0.0036303252788401248 0.0017958901450639496 0.01189618825160065 -0.019328944311076401 -0.028734976265277282 -0.040376477521580439 -0.0053328600095329656 0.00063976057669755252 0.023793587144735312 -0.024684401020435925 0.0085661759505991607
leaf_weight=51.128224360756349 448.7133799506064 32.608715582902732 79.215343603461406 16.038105432282464 49.55166497654227 1148.5499580609649 41.339982192226671 241.47476152460467 148.67104892726456 587.21588498588062 85.625854889056427 101.61426662153463 332.82501991823483 62.086749330337625 69.576164146370502 38.755123407729116 178.69094721438864 21.57344684481177 198.45404439227877 8.4752560466877167 147.91619003603046 14.052738285916346
leaf_count=157 30664 41746 194038 11367 22875 42322 8271 249438 15756 13994 11818 4490 40191 1461 2567 3025 710114 12721 80997 522 36388 6093
internal_value=1.77891e-10 -0.00862896 -0.0107508 0.0304815 -0.00417388 0.00434106 -0.000460976 -0.0229471 -0.032301 0.00447574 -0.00234224 0.009699 0.00630786 0.00952468 -0.00470795 -0.00598653 -0.035221 0.0259166 -0.0135879 -0.0092369 -0.0214015 -0.0288296
internal_weight=4104.15 1372 1304.84 67.1663 852.064 2732.15 1443.23 452.774 190.011 1253.22 534.339 1288.92 403.95 718.879 131.663 140.369 211.3 71.1251 448.114 354.845 156.391 93.2681
internal_count=1541015 1406647 1395123 11524 393825 134368 84531 1001298 24027 60504 42482 49837 75787 18022 4028 7515 751860 35596 318038 117907 36910 200131
is_linear=0
shrinkage=0.045


Tree=100
num_leaves=23
num_cat=0
split_feature=25 31 35 11 18 30 34 16 3 16 23 7 24 21 0 44 38 5 9 35 14 40
split_gain=74.4431 51.8538 37.4412 37.1187 36.8694 24.7734 28.9051 23.4595 18.2255 15.4595 14.5203 14.4332 14.6363 14.1686 13.9334 26.2328 18.0384 16.6635 13.7623 13.6651 13.014 12.9282
threshold=1.2424533367156985 0.84523808956146251 0.92857143282890331 0.077003493905067458 5.6046395301818857 2.6735538244247441 6.9464950561523446 1.0000000180025095e-35 0.9998215138912202 0.056944392621517188 0.019399161450564865 0.98375102877616893 1.0000000180025095e-35 0.11603762209415437 0.034145472571253783 2.8617925643920903 6.3724658489227304 0.028496154583990577 0.37497074902057653 0.58571431040763866 0.5611223876476289 15.500000000000002
decision_type=2 2 2 2 2 2 2 2 2 2 2 2 2 2 2 2 2 2 2 2 2 2
left_child=4 2 3 7 -1 -5 8 -2 14 -9 -6 12 -3 18 17 16 -16 -7 19 -11 -4 -13
right_child=1 11 20 5 10 6 -8 9 -10 13 -12 21 -14 -15 15 -17 -18 -19 -20 -21 -22 -23
leaf_value=0.0019737964166507394 0.031080861783190111 0.0032969677041527769 0.030161172592291962 -0.018106146077718509 -0.030990875681888651 0.0013982061883545205 -0.0073841787320547293 -0.02588547891011039 0.030980653622428495 -0.03825367847328446 0.0069395278255524615 -0.0081200324008710821 0.012909442245962717 -0.0034462433789766897 0.001916287132152599 0.0089299751128687679 -0.020054888013212781 0.027575844486140699 0.014799575374307162 0.023061934168698121 -0.01556966342741656 0.02779105427359875
leaf_weight=119.61520875775454 17.79876131571632 860.37642653571493 85.084306723354985 138.79448322367125 243.58663729869363 95.543761614901996 485.71858010658889 194.31130447941064 51.11713453667835 63.561721629736894 20.475858118351425 22.032311270090759 511.22723693495755 223.56477359655764 157.01052683222724 401.42687436792721 139.65240154926641 97.858154308661142 11.911949469955287 4.939207932631688 11.48958248621784 116.52652286198872
leaf_count=69996 786 47143 4892 35625 770479 32639 105628 288847 793 32343 18649 443 10584 20060 20331 42334 22624 13664 875 619 159 1502
internal_value=-5.91199e-10 0.00197057 -0.0024689 -0.00376127 -0.0187332 -0.000300701 0.00148663 -0.0141657 0.00607253 -0.0160746 -0.0279754 0.00836555 0.00691363 -0.00948587 0.0044795 0.00147755 -0.0085875 0.0150048 -0.0250926 -0.0325645 0.0242219 0.0219969
internal_weight=4073.62 3689.95 2179.78 2083.21 383.678 1567.12 1428.33 516.088 942.609 498.289 264.062 1510.16 1371.6 303.978 891.492 698.09 296.663 193.402 80.4129 68.5009 96.5739 138.559
internal_count=1541015 681891 622219 617168 859124 273638 238013 343530 132385 342744 789128 59672 57727 53897 131592 85289 42955 46303 33837 32962 5051 1945
is_linear=0
shrinkage=0.045


Tree=101
num_leaves=23
num_cat=0
split_feature=26 25 16 15 35 9 16 16 36 36 12 7 20 24 11 31 7 23 16 20 34 44
split_gain=71.8396 49.4153 51.3832 43.4683 38.4926 28.377 23.4667 27.9977 21.7095 18.7568 17.8129 17.0619 16.4436 16.1883 17.9947 15.2586 14.9894 13.8148 13.391 13.0058 12.5009 13.6603
threshold=0.28046900033950811 7.1851778030395517 0.19223839044570926 0.19609438627958301 0.63333335518836986 0.22850885242223742 1.0000000180025095e-35 0.040966989472508437 0.21825397014617923 0.77525252103805553 0.24301264435052874 0.99784985184669506 0.61593371629714977 1.0000000180025095e-35 0.62550511956214916 0.63333335518836986 0.76138177514076244 1.0000000180025095e-35 1.0000000180025095e-35 0.025102580897510055 7.8545751571655282 5.1149907112121591
decision_type=2 2 2 2 2 2 2 2 2 2 2 2 2 2 2 2 2 2 2 2 2 2
left_child=3 -2 4 18 5 8 17 -8 15 -10 -6 20 -7 14 -4 -3 -14 -5 -1 -15 -9 -22
right_child=1 2 13 6 10 12 7 11 9 -11 -12 -13 16 19 -16 -17 -18 -19 -20 -21 21 -23
leaf_value=0.004716156129662195 0.016257406224499501 -0.017461953235705416 0.0073363301155206983 0.045877139592488216 0.02666526876309562 0.0088874148889798929 -0.026446917060395495 -0.0037270470068020696 -0.043602205686584711 -0.011030767419576166 0.00091347448072559502 0.020444416607571139 -0.014570917790495432 -0.017306186689950105 -0.0073299709101620264 -0.00073039191944084295 0.015596498540166143 -0.016377792317168339 -0.035176967525578536 0.015130542449838639 -0.038594905443693123 0.0048254773765208031
leaf_weight=17.893516798540304 502.50122446822934 258.61136712304506 588.55447996125258 21.92155903950334 84.44620010700055 198.61071942823219 128.67679072812825 563.95827773305609 85.323195119141019 66.626626376151762 139.74545806502465 49.112467541028309 171.29776109006889 22.386176310988958 232.51999958106535 190.65305029022602 36.797890139423544 6.9504808418132589 150.82369420399459 468.12717134117702 39.644192134615878 20.34364414616266
leaf_count=9893 21808 172743 8524 39 7595 31316 188652 133651 124499 19415 9788 2018 23902 360 3119 20845 582 1614 741589 2555 13326 3182
internal_value=3.02255e-11 0.00343615 0.000876423 -0.0104392 -0.00571046 -0.00945958 -0.00611646 -0.00762371 -0.0156289 -0.0301267 0.0109835 -0.00385657 -0.000260736 0.00706236 0.00316375 -0.0104478 -0.00899558 0.0306849 -0.0309321 0.0134905 -0.00591669 -0.0246314
internal_weight=4045.53 3046.2 2543.7 999.325 1232.11 1007.92 830.607 801.735 601.214 151.95 224.192 673.059 406.706 1311.59 821.074 449.264 208.096 28.872 168.717 490.513 623.946 59.9878
internal_count=1541015 447051 425243 1093964 410685 393302 342482 340829 337502 143914 17383 152177 55800 14558 11643 193588 24484 1653 751482 2915 150159 16508
is_linear=0
shrinkage=0.045


Tree=102
num_leaves=23
num_cat=0
split_feature=15 24 16 16 16 9 20 41 38 30 0 18 25 4 16 36 43 43 36 8 4 34
split_gain=68.099 48.7877 41.015 42.0728 20.2117 18.7592 24.7738 22.8844 18.5091 16.4618 15.3924 13.9587 15.2694 13.7879 13.3672 13.1109 12.5957 19.9618 12.5636 24.0248 13.7896 12.6501
threshold=0.14806049317121509 1.0000000180025095e-35 1.0000000180025095e-35 0.17798349261283877 0.0063898416701704272 0.24253655970096591 0.24480371177196505 4.5000000000000009 6.4990344047546396 2.9700856208801274 0.035506151616573341 3.5110765695571904 6.7956001758575448 0.49058429896831518 0.2302278354763985 0.96666666865348827 8.1592311859130877 9.2008452415466326 0.96666666865348827 1.0000000180025095e-35 0.12848686426877978 7.9093058109283456
decision_type=2 2 2 2 2 2 2 2 2 2 2 2 2 2 2 2 2 2 2 2 2 2
left_child=4 2 -2 5 -1 7 -7 10 -5 -10 -4 12 -6 -12 16 -14 18 -18 19 21 -20 -3
right_child=1 14 3 8 11 6 -8 -9 9 -11 13 -13 15 -15 -16 -17 17 -19 20 -21 -22 -23
leaf_value=0.010673711637987884 0.04719462446818961 0.010051635555228229 -0.0029867592543301028 0.0070666570872140828 0.015744656726045393 0.015612720158316374 -0.0079136925164599234 -0.034406286330385803 -0.020142282313402711 -4.4285509741018899e-05 -0.021383685583847317 -0.042076414365591321 -0.035400722350711705 0.0012815528839100808 0.015042254814661588 0.011752979679789869 -0.023152271355608468 0.013776834554335329 0.024768013995675534 -0.024418119838676481 0.0062197297041713517 -0.018282531283119897
leaf_weight=25.515969408104866 28.668505374341748 257.15025440742193 310.29853873155753 787.29029457394245 20.181664027510124 117.68981834078022 342.36027107249674 87.791847844821405 95.049198926628378 471.35486424327155 268.5989623432165 93.718904823722823 51.271749200655904 67.143183961858995 432.68712689252789 12.509928158548062 68.159691347686476 45.534912495442768 130.75368421493476 55.686807295247945 213.83487552349834 31.684909402888479
leaf_count=24996 70 35768 130697 22571 20054 33943 146473 85914 4939 13006 195274 541897 148170 51110 3320 10682 11419 6172 9905 19003 20490 5142
internal_value=-6.92723e-11 0.00136709 -0.00215955 -0.0028063 -0.0250617 -0.00894652 -0.00179202 -0.0133893 0.00262202 -0.0035637 -0.0102909 -0.0303452 -0.0156221 -0.0168987 0.00869988 -0.0259701 0.00520958 -0.00840478 0.00750015 0.00138042 0.0135114 0.0066852
internal_weight=4014.94 3811.74 2576.25 2547.58 203.198 1193.88 460.05 733.833 1353.69 566.404 646.041 177.682 83.9633 335.742 1235.49 63.7817 802.805 113.695 689.111 344.522 344.589 288.835
internal_count=1541015 795216 683997 683927 745799 643411 180416 462995 40516 17945 377081 720803 178906 246384 111219 158852 107899 17591 90308 59913 30395 40910
is_linear=0
shrinkage=0.045


Tree=103
num_leaves=23
num_cat=0
split_feature=25 31 27 35 18 8 10 0 21 5 25 43 44 7 11 6 7 13 18 27 40 21
split_gain=65.7541 48.7367 36.4002 35.4532 34.6272 25.6315 28.8328 16.4997 20.0672 18.8418 20.2135 17.0422 15.4525 14.4714 14.7535 14.2908 17.7236 14.0839 13.4246 12.9232 12.1406 12.0562
threshold=1.2424533367156985 0.84523808956146251 0.84523808956146251 0.92857143282890331 5.6046395301818857 0.14977858215570453 0.00053333496907725941 0.034145472571253783 1.5655264258384707 0.028496154583990577 8.6680564880371112 8.853736877441408 3.5972183942794804 0.21634800732135775 0.66825199127197277 1.6961343288421633 0.92713490128517162 0.51356658339500438 2.2942512035369877 0.84523808956146251 25.500000000000004 4.0182812213897714
decision_type=2 2 2 2 2 2 2 2 2 2 2 2 2 2 2 2 2 2 2 2 2 2
left_child=4 2 3 5 -1 6 -2 9 11 10 12 -9 18 -10 17 16 -3 -15 -8 -6 -19 -21
right_child=1 15 -4 -5 19 -7 7 8 13 -11 -12 -13 -14 14 -16 -17 -18 20 -20 21 -22 -23
leaf_value=0.0021849786573136976 -0.026191765969025806 0.0082440154258704539 0.022441913976535728 0.026506204338951334 -0.032133232619599994 0.0020503786765785821 0.021579320959918536 -0.026486406535350816 0.011024852355390177 0.014143091362092698 -0.029225740678398716 0.0076307683519132143 -0.024287461171215777 -0.019573610400787103 -0.021242248841774791 -0.0011631869559930914 0.025775972602420361 -0.0080808592019309868 -0.023401328413970534 0.017374346405022813 0.0096148578228972357 -0.023811270849393627
leaf_weight=117.35204206724029 162.60990318227323 1082.2852437892329 107.36777643793357 70.042271841884485 202.93110661962078 676.33523412619843 66.18892170705476 180.09702213344644 90.478295798320687 146.92874507918259 53.015153109733546 32.999313716004053 24.630299928442582 82.212927046801724 124.60346907100165 273.87823162699851 127.93163691431982 149.53645890207554 12.220891035069597 21.45078677833726 154.64365134539185 26.990140579391436
leaf_count=69996 194539 47063 2320 4401 750545 85187 12126 104554 14684 53194 51255 13591 14889 32369 13368 11072 1537 6891 14450 10687 4401 27896
internal_value=5.10676e-10 0.0018538 -0.00250096 -0.00387443 -0.0179713 -0.00502685 -0.00875931 -0.00611743 -0.00943656 0.00281436 -0.00795978 -0.0211493 0.00382795 -0.0051467 -0.00808916 0.00810267 0.0101957 -0.00363039 0.0135861 -0.0272403 0.000925556 -0.00565411
internal_weight=3986.73 3618.01 2133.91 2026.54 368.724 1956.5 1280.17 1117.56 814.571 302.984 156.055 213.096 103.04 601.475 510.997 1484.1 1210.22 386.393 78.4098 251.372 304.18 48.4409
internal_count=1541015 681891 622219 619899 859124 615498 530311 335772 189858 145914 92720 118145 41465 71713 57029 59672 48600 43661 26576 789128 11292 38583
is_linear=0
shrinkage=0.045


Tree=104
num_leaves=23
num_cat=0
split_feature=26 25 31 27 15 8 16 16 23 7 23 16 35 16 12 11 36 36 20 2 11 38
split_gain=63.8964 45.4635 46.4108 41.9546 38.7594 30.092 25.3489 30.1785 21.6835 20.4156 17.8792 17.6997 17.6712 14.7819 15.5385 15.4556 14.3475 65.3976 17.8631 12.7371 14.6382 12.366
threshold=0.28046900033950811 7.1851778030395517 0.63333335518836986 0.58571431040763866 0.14705275744199756 0.22267995774745944 1.0000000180025095e-35 0.040966989472508437 0.0019436097354628148 0.99784985184669506 1.0000000180025095e-35 0.0063092110212892303 0.77500000596046459 0.056115049868822105 0.13888560980558398 0.16550305485725406 0.96666666865348827 0.21825397014617923 0.72856199741363536 0.39382883906364446 0.10445750132203103 7.2452983856201181
decision_type=2 2 2 2 2 2 2 2 2 2 2 2 2 2 2 2 2 2 2 2 2 2
left_child=4 19 3 5 -1 11 10 -8 16 -9 -6 -3 13 15 -15 -13 17 21 -19 20 -2 -4
right_child=1 2 8 -5 6 -7 7 9 -10 -11 -12 12 -14 14 -16 -17 -18 18 -20 -21 -22 -23
leaf_value=-0.034309513295722439 0.0081501600553950098 0.030209581323381359 0.0066155305307927592 0.019993936870374471 0.046615065358455693 0.0057462613200014272 -0.02648658839178052 -0.0064281049837800978 0.018190792875317489 0.022177504101382733 -0.020042001318527555 -0.035272704791821881 0.023392981881980069 0.0011919085968071547 -0.016971859383023636 -0.0041497061988719601 0.0082623359228216533 -0.053745950410956013 -0.0076414452775254065 0.0040279912576681271 0.02730501795606342 -0.012588057353637381
leaf_weight=112.2914181861554 135.81333962197459 13.292469156696823 501.43229848825194 101.77914062299533 24.438615199178457 192.87690310719518 145.60644846453783 628.90054589204419 234.05301902475003 50.022602991932672 8.0111139236760192 130.42777472553371 19.014125661295111 127.40833063940408 367.01752049952393 44.345479647067805 621.46167709779365 49.754409618990394 27.413654332776787 141.03884128544814 217.60170188073243 73.713868216863375
leaf_count=572249 16309 2203 23990 2227 47 20223 300918 215240 1711 2900 2610 238664 1358 18796 47702 32850 16103 14262 835 1597 3902 4319
internal_value=-5.3026e-10 0.00324836 0.000774106 -0.00674349 -0.0100139 -0.0098804 -0.00664987 -0.00824994 0.00574655 -0.00417374 0.0296802 -0.0141872 -0.0152564 -0.0165199 -0.0123262 -0.0277109 0.00339777 -0.00126431 -0.0388291 0.0156452 0.0201604 0.00406702
internal_weight=3967.72 2998.44 2503.99 996.162 969.271 894.383 856.979 824.53 1507.83 678.923 32.4497 701.506 688.213 669.199 494.426 174.773 1273.78 652.314 77.1681 494.454 353.415 575.146
internal_count=1541015 447051 425243 364023 1093964 361796 521715 519058 61220 218140 2657 341573 339370 338012 66498 271514 59509 43406 15097 21808 20211 28309
is_linear=0
shrinkage=0.045


Tree=105
num_leaves=23
num_cat=0
split_feature=31 26 25 27 24 27 18 25 25 16 23 14 16 16 25 23 20 16 30 21 16 36
split_gain=61.3893 54.5218 37.2837 28.0203 24.507 23.205 26.357 21.6105 21.3167 21.1627 19.5269 16.7102 14.1627 21.5019 13.9633 13.8027 13.6869 12.9672 12.4393 12.3051 12.1019 16.2493
threshold=0.73214286565780651 0.28046900033950811 7.3861021995544442 0.73214286565780651 1.0000000180025095e-35 0.73214286565780651 2.7362614870071416 5.0106129646301278 7.1183617115020761 1.0000000180025095e-35 1.0000000180025095e-35 0.042300976812839515 1.0000000180025095e-35 0.056115049868822105 2.3502402305603032 0.025498098693788055 0.83236432075500499 0.057710492983460433 2.6020033359527592 0.00028516619931906467 0.19223839044570926 0.96666666865348827
decision_type=2 2 2 2 2 2 2 2 2 2 2 2 2 2 2 2 2 2 2 2 2 2
left_child=1 5 11 4 12 6 14 -2 -9 10 -8 -3 -4 -14 -1 20 -7 -11 -15 -6 21 -10
right_child=7 2 3 -5 19 16 9 8 15 17 -12 -13 13 18 -16 -17 -18 -19 -20 -21 -22 -23
leaf_value=0.03629605217964426 -0.0033333159353349296 0.038412055703687817 0.034177024451010424 0.021174284265788944 -0.028652384911689987 0.022308789164507556 0.04223097655993821 0.021866426714509668 -0.010071664437497463 -0.035383878037613205 -0.024020028882355351 0.0080447778259081087 -0.02551087367878186 -0.028253869127338512 -0.013797037163077291 0.019696090641391328 -0.033797675708809746 -0.018325401685794381 -0.0056104310309317371 0.0043550208270022777 0.008346198621990061 0.0077888507124848072
leaf_weight=19.677322590709309 378.07685858279046 37.356695933571245 9.2159604206681234 75.225477367170242 19.274486720432378 38.856285757627575 14.474589441902937 208.7480408665142 210.28499217373246 186.36715462447955 12.328626264519697 316.84945352013892 171.54448844228864 49.335564141289069 16.988687608136388 134.62496863871274 6.3358938001633751 214.53148834328317 575.98863961923598 399.3719085854591 655.24412242256403 193.17086794264833
leaf_count=2171 256135 7420 35 823 29239 9364 44 2817 13278 678844 9186 17081 261002 5411 6953 711 6160 122854 70290 30154 4801 6242
internal_value=6.77507e-10 -0.00508725 -0.00110434 -0.00463501 -0.00629992 -0.0178804 -0.0208702 0.00618034 0.00874848 -0.0240076 0.0127722 0.0117376 -0.0108654 -0.0115962 0.0142157 0.00637209 0.0118595 -0.0265936 -0.00760686 0.00251513 0.00459319 -0.00152955
internal_weight=3943.87 2163.72 1654.16 1299.96 1224.73 509.56 464.368 1780.15 1402.07 427.702 26.8032 354.206 806.085 796.869 36.666 1193.32 45.1922 400.899 625.324 418.646 1058.7 403.456
internal_count=1541015 1257031 421455 396954 396131 835576 820052 283984 27849 810928 9230 24501 336738 336703 9124 25032 15524 801698 75701 59393 24321 19520
is_linear=0
shrinkage=0.045


Tree=106
num_leaves=23
num_cat=0
split_feature=31 26 35 10 27 18 34 25 27 0 38 25 25 0 30 16 8 20 5 14 16 40
split_gain=56.6736 52.9191 33.4594 32.4065 30.6921 29.4971 23.2359 20.4488 17.1703 19.3566 20.8941 16.1545 15.5934 15.5061 13.5676 13.5428 15.5302 14.0485 12.8894 12.7216 12.6581 12.7488
threshold=0.84523808956146251 0.0026560471160337333 0.92857143282890331 0.10927856341004373 0.84523808956146251 2.8230607509613042 6.4559841156005868 5.0106129646301278 0.84523808956146251 0.16572816669940951 6.8808975219726571 6.6895961761474618 9.2269592285156268 0.19394665956497195 3.113268375396729 0.0064725596457719812 0.06091651879251004 0.23580326884984973 0.39573468267917639 0.5611223876476289 0.0063898416701704272 16.500000000000004
decision_type=2 2 2 2 2 2 2 2 2 2 2 2 2 2 2 2 2 2 2 2 2 2
left_child=1 4 3 6 5 -1 12 20 9 -5 13 -9 -3 -11 -15 -8 -17 -18 -14 -4 -2 -22
right_child=7 2 19 8 -6 -7 15 11 -10 10 -12 -13 18 14 -16 16 17 -19 -20 -21 21 -23
leaf_value=0.03195854877079507 0.0333079634684482 0.0020126809993035043 0.029086162132218287 0.0086815690177390482 0.022370949020347548 -0.032945422903387957 0.020397044989528545 0.022712981094100918 0.024167703063725263 -0.028318598440288504 -0.019807446458815874 0.0072665269952343452 -0.033628669047560379 -0.0075439450647505147 0.010320526749723015 -0.023330432987956996 0.0064860747902408377 -0.015548296481755455 0.0018901533546624666 -0.016272446529205099 -0.016988721284380469 0.001356801748460004
leaf_weight=11.296570107257592 13.45399437631181 407.75207532191098 84.544441956462833 373.12650024402137 22.549566922078156 212.11936230185211 16.993135559482198 154.36531641362672 64.551276870668516 29.108419787737148 131.66705184965394 1077.0713570041844 45.533763527820156 135.98134570772709 217.30993520856282 291.84162889392746 87.043026478089359 161.02537683709306 34.172842071909145 11.270100307418032 112.24555372964414 219.94456850133906
leaf_count=2694 3765 105014 3464 44438 11195 755161 10096 1960 790 3296 9104 18013 46552 7914 8563 234048 29020 27384 4891 159 76815 136679
internal_value=-3.13192e-10 -0.00444349 -0.00209575 -0.00336532 -0.0239713 -0.029036 -0.00882047 0.00658031 0.0026355 0.000942176 -0.00470484 0.00928682 -0.00161354 0.000683783 0.00343519 -0.0150582 -0.0163511 -0.00784141 -0.0191879 0.0232085 -0.00305718 -0.00500206
internal_weight=3914.97 2337.89 2091.92 1996.11 245.965 223.416 1044.36 1577.08 951.745 887.193 514.067 1231.44 487.459 382.4 353.291 556.903 539.91 248.068 79.7066 95.8145 345.644 332.19
internal_count=1541015 1303783 534733 531110 769050 757855 457005 237232 74105 73315 28877 19973 156457 19773 16477 300548 290452 56404 51443 3623 217259 213494
is_linear=0
shrinkage=0.045


Tree=107
num_leaves=23
num_cat=0
split_feature=36 36 31 34 9 26 26 20 15 14 10 38 35 6 7 11 40 20 24 1 12 5
split_gain=55.068 122.209 44.0707 26.9361 25.9847 23.2138 24.8066 22.554 30.0176 18.1615 15.8115 15.2933 14.6602 13.7299 13.3748 12.441 14.3975 12.232 13.7433 12.0594 15.4051 11.776
threshold=0.96666666865348827 0.20714285969734195 0.73214286565780651 7.6258389949798593 0.062432656064629562 0.28046900033950811 0.91915413737297069 0.23580326884984973 0.617356836795807 0.053297607228159911 0.13776861876249316 6.5715825557708749 0.58571431040763866 1.6623539924621584 0.061795137822628028 0.89504829049110424 27.500000000000004 0.87156710028648388 1.0000000180025095e-35 0.15435285866260531 0.45607465505599981 0.27977006137371069
decision_type=2 2 2 2 2 2 2 2 2 2 2 2 2 2 2 2 2 2 2 2 2 2
left_child=1 2 3 5 -3 9 -7 14 17 -1 12 13 21 -4 -2 -10 -17 18 -9 -16 -21 -8
right_child=7 4 11 -5 -6 6 10 8 15 -11 -12 -13 -14 -15 19 16 -18 -19 -20 20 -22 -23
leaf_value=-0.033340880227895137 0.037315045693048131 -0.04139785039830491 0.01580166918056447 -0.029886747484935517 -0.016373356534957997 0.01796579720805342 -0.021243916316681866 -0.008659490146522052 0.0092691035289648119 -0.0067127684396302428 0.0057936302148260451 -0.00034654933525717936 0.015460451646221104 -0.002909892110443903 0.020542647667128943 0.0040215968848004002 -0.028179812967284411 -0.018385412373939584 0.012392833471059036 -0.011954033069660508 0.017109664337463623 -0.0026913622704541444
leaf_weight=77.468881580184188 47.787789703192857 170.25254958167352 417.21464355100397 86.095803964122524 182.49935888155687 123.78604170912513 165.13487306342086 181.76861556481572 898.37538102338749 149.02899537462713 199.13287166827649 308.30019899981198 35.695336481443519 96.073228940480931 155.85623420593492 91.31606634201853 35.002753478027444 125.97019077987375 89.663616766082669 70.705612178582214 67.221621935183066 119.62802208041376
leaf_count=238200 23291 263506 52688 82861 112446 6851 131134 147072 28901 119877 9313 54735 4102 14456 41243 4375 2823 121589 25966 34169 686 20731
internal_value=2.68299e-10 -0.00486409 -3.43669e-05 -0.00658737 -0.028861 -0.00412369 0.000271188 0.00587241 0.00335047 -0.0163438 -0.00407539 0.0075842 -0.0102028 0.0123051 0.0161724 0.00741342 -0.00563457 -0.00708771 -0.0016068 0.0121664 0.00231377 -0.013631
internal_weight=3893.98 2130.31 1777.56 955.971 352.752 869.875 643.377 1763.67 1422.1 226.498 519.591 821.588 320.458 513.288 341.571 1024.69 126.319 397.402 271.432 293.783 137.927 284.763
internal_count=1541015 1110900 734948 613069 375952 530208 172131 430115 330726 358077 165280 121879 155967 67144 99389 36099 7198 294627 173038 76098 34855 151865
is_linear=0
shrinkage=0.045


Tree=108
num_leaves=23
num_cat=0
split_feature=26 25 31 27 15 8 16 7 16 23 6 23 8 26 18 34 14 43 10 4 20 0
split_gain=52.8493 40.4975 39.8421 36.2643 33.85 27.0164 25.7201 27.8428 19.0586 17.8939 17.4184 16.2432 15.7791 13.4257 41.0283 12.1014 11.7481 11.0962 12.7928 10.8601 10.7972 10.5409
threshold=0.28046900033950811 7.1851778030395517 0.63333335518836986 0.58571431040763866 0.14705275744199756 0.08594765886664392 1.0000000180025095e-35 0.94358637928962719 0.040966989472508437 0.0019436097354628148 1.6623539924621584 1.0000000180025095e-35 0.0048914437647908935 0.017910831607878212 3.6735348701477055 7.5905995368957528 0.042300976812839515 7.9019322395324716 0.41932143270969396 0.7675243914127351 0.70773145556449901 0.21275413036346438
decision_type=2 2 2 2 2 2 2 2 2 2 2 2 2 2 2 2 2 2 2 2 2 2
left_child=4 16 3 5 -1 12 11 8 -8 -4 -9 -6 15 14 -10 -3 -2 18 -11 -15 -7 -22
right_child=1 2 9 -5 6 20 7 10 13 17 -12 -13 -14 19 -16 -17 -18 -19 -20 -21 21 -23
leaf_value=-0.033160887908161282 0.037306951330836134 -0.009719554576216061 0.0030962240930595512 0.018327078929346954 0.047442181481464264 0.0051817280989128744 -0.025791838303221831 0.032287213869516496 0.027652078825833277 0.026307498791628251 -0.0052186189566231951 -0.018101881201037569 -0.033700159258409454 -0.019668999956459533 -0.0094657014264020716 -0.037824537325912788 0.012428149287549553 -0.003497276856142875 -0.0052708305839922658 0.0079074442603162265 -0.01574909778994453 0.0077126163394588042
leaf_weight=101.95725861976644 39.142693440158837 333.49683689619133 1257.0060807005848 102.12739978056379 23.320314016193155 234.8030479409822 135.20462071276302 48.019103293463559 71.532303708034306 156.66167890797806 45.292536924095202 7.4610004237038074 88.499137674301892 190.31324167188268 279.59690984729355 30.348982353451902 443.67189450769911 43.416400070327654 29.164785227214452 31.151090291532455 132.22634087275401 50.527925518272241
leaf_count=572249 6099 147924 59509 2227 47 40858 295666 2951 7783 1099 15053 2610 120997 14875 182275 29349 15709 413 199 455 21001 1667
internal_value=-6.37272e-10 0.00296288 0.000611353 -0.00645327 -0.00929748 -0.00945061 -0.00619212 -0.00781548 -0.010872 0.00523787 0.0147427 0.0312456 -0.0170069 -0.00715622 -0.00162197 -0.0125448 0.0148068 0.0166644 0.0213431 -0.0157012 -0.00116039 -0.00922975
internal_weight=3874.94 2941.09 2458.28 972.03 933.848 869.902 831.891 801.11 707.798 1486.25 93.3116 30.7813 452.345 572.594 351.129 363.846 482.815 229.243 185.826 221.464 417.557 182.754
internal_count=1541015 447051 425243 364023 1093964 361796 521715 519058 501054 61220 18004 2657 298270 205388 190058 177273 21808 1711 1298 15330 63526 22668
is_linear=0
shrinkage=0.045


Tree=109
num_leaves=23
num_cat=0
split_feature=31 26 26 9 10 18 27 16 23 21 16 27 25 38 34 14 22 20 34 14 16 30
split_gain=50.7657 48.6446 33.9153 28.7251 24.7608 21.659 23.3392 19.9302 20.3579 18.9317 18.738 18.6601 16.2392 14.6158 14.1604 13.8227 13.1052 12.7811 12.5861 11.8882 14.0698 10.5879
threshold=0.77500000596046459 0.28046900033950811 0.91915413737297069 0.25811158120632177 0.11839852109551431 2.2942512035369877 0.73214286565780651 1.0000000180025095e-35 1.0000000180025095e-35 0.0014064461574889722 0.057710492983460433 0.84523808956146251 4.2483932971954355 7.0904934406280526 6.8150913715362558 0.082985285669565215 0.66424080729484569 0.84845048189163219 7.1012639999389657 0.078778438270092024 0.053908225148916251 3.0677825212478642
decision_type=2 2 2 2 2 2 2 2 2 2 2 2 2 2 2 2 2 2 2 2 2 2
left_child=1 5 14 4 9 -1 7 8 -7 -4 -9 19 16 -12 -3 -11 -2 -8 -18 -5 -21 -6
right_child=12 2 3 11 21 6 17 10 -10 15 13 -13 -14 -15 -16 -17 18 -19 -20 20 -22 -23
leaf_value=0.025376388932350051 0.015857663812512329 0.020421486572399391 -0.032648811091854579 0.028107275192045197 -0.012101935628386943 0.043162432559792886 0.019619007594054966 -0.03510373193371185 -0.024718083675138183 0.011032357819959246 -0.010364560726724236 0.034539516051683004 0.008285802314159648 -0.042450519174015391 0.00045685719151502337 -0.013774065501569231 0.00244324670165421 -0.028029093534604442 -0.018084706325383941 -0.020401977820482378 0.0027399961926322025 0.0052741400651520193
leaf_weight=19.8008138810128 52.711620213136257 185.35183399585003 97.656102007279969 27.879765741123265 93.705871933610979 14.848264110274615 43.48820698380996 179.29524962938444 11.894078306364461 48.262908901948322 203.32407857001567 32.726016382686794 1301.215322013175 29.854524278282497 116.02429792043222 355.60778981011208 116.66892912092158 10.183691340259882 118.28461591824998 54.661335761535156 486.27207110940071 248.13399267831664
leaf_count=3166 27015 8087 210221 6611 7445 47 13608 704570 9635 33646 108352 146 25774 20350 10158 89865 82757 10603 107233 27599 20228 13899
internal_value=-5.26295e-10 -0.00433129 -0.000737663 -0.00361018 -0.00894718 -0.0164463 -0.0183644 -0.0217667 0.0138336 -0.0152628 -0.0242128 0.00388445 0.00615223 -0.0152775 0.0128684 -0.010711 -0.0034754 0.00896009 -0.0080528 0.00183515 0.000236062 0.000405178
internal_weight=3847.85 2258.97 1746.28 1444.91 843.367 512.689 492.888 439.216 26.7423 501.527 412.474 601.539 1588.88 233.179 301.376 403.871 287.665 53.6719 234.954 568.813 540.933 341.84
internal_count=1541015 1298236 427905 409660 355076 870331 867165 842954 9682 333732 833272 54584 242779 128702 18245 123511 217005 24211 189990 54438 47827 21344
is_linear=0
shrinkage=0.045


Tree=110
num_leaves=23
num_cat=0
split_feature=36 36 31 34 8 20 15 26 26 15 24 1 9 12 20 22 35 20 20 25 34 3
split_gain=50.2193 112.919 38.9561 24.116 22.7444 21.477 26.467 17.5968 21.2564 15.517 14.7954 13.0029 12.9825 15.9712 17.2413 11.8608 11.6033 13.2202 11.5531 14.7802 11.448 11.4443
threshold=0.96666666865348827 0.20714285969734195 0.73214286565780651 7.2643799781799325 0.015635815449059013 0.23580326884984973 0.617356836795807 0.28046900033950811 0.91915413737297069 0.19609438627958301 1.0000000180025095e-35 0.156021922826767 0.44118632376194006 0.019913084805011753 0.60949215292930614 0.79106476902961742 0.63333335518836986 0.87156710028648388 0.24480371177196505 5.0657496452331552 7.7014262676239023 0.083797302097082152
decision_type=2 2 2 2 2 2 2 2 2 2 2 2 2 2 2 2 2 2 2 2 2 2
left_child=1 2 3 7 -3 11 16 9 -9 -1 -10 -2 13 -6 -15 -13 17 -7 -4 -20 -21 -22
right_child=5 4 18 -5 12 6 -8 8 10 -11 -12 15 -14 14 -16 -17 -18 -19 19 20 21 -23
leaf_value=-0.037374253379128579 0.023593281933642206 -0.048712741094223286 0.014542746260784577 -0.021224671049229826 0.0063809668934353744 -0.0045436803441304954 0.0069855046779331905 0.018703398963166005 -0.0085753893952714034 -0.0071787269627482143 0.0085282557105778867 0.013619109475403639 0.0012184261415543326 -0.038886685747249967 -0.0087729241285733235 -0.012964654969464104 0.0080577814631804089 -0.024872016896947128 -0.011211822088099118 0.010607721086054338 0.016473712778778744 -0.017515413967899001
leaf_weight=40.841602590808861 185.80749644972821 81.321484743818019 274.73517452337342 173.14260531947116 26.266197779480763 218.82175938287855 1011.9944530644889 108.21709988792281 310.77603566623611 153.48873894060625 146.92644366507693 107.16711945085399 43.899774635692665 129.48342135905182 58.902254107459612 44.218689099181574 80.713448718282052 88.905707740422258 109.30073723551709 345.29718708757173 24.295290977541299 60.986638508584292
leaf_count=225524 58290 141970 43625 156877 40505 141804 36099 5580 118501 88182 18405 24090 13155 163638 16684 17009 61886 90937 72152 4530 579 993
internal_value=-4.5598e-10 -0.00469858 -5.56071e-05 -0.00631586 -0.0282309 0.00564295 0.00316079 -0.00280396 0.00123539 -0.0143031 -0.00305214 0.0157551 -0.0209869 -0.0254526 -0.0299413 0.00568794 -0.00676579 -0.0107205 0.00711221 0.00323219 0.00698535 -0.00745643
internal_weight=3825.51 2087.88 1748.01 933.393 339.873 1737.63 1400.44 760.25 565.92 194.33 457.702 337.193 258.552 214.652 188.386 151.386 388.441 307.727 814.615 539.88 430.579 85.2819
internal_count=1541015 1110900 734948 613069 375952 430115 330726 456192 142486 313706 136906 99389 233982 220827 180322 41099 294627 232741 121879 78254 6102 1572
is_linear=0
shrinkage=0.045


Tree=111
num_leaves=23
num_cat=0
split_feature=31 26 25 35 11 16 16 23 5 16 0 5 25 27 14 8 14 22 38 38 1 8
split_gain=47.5483 43.4087 31.1341 27.9465 23.3091 19.1014 24.0187 20.5878 17.7305 17.222 17.0054 15.9134 15.739 14.5476 14.2398 13.6306 12.66 12.6082 12.1655 12.1166 12.6782 13.1415
threshold=0.77500000596046459 0.28046900033950811 7.3106899261474618 0.92857143282890331 0.11625043302774431 0.067113187164068236 1.0000000180025095e-35 1.0000000180025095e-35 0.38540886342525488 0.0063092110212892303 0.076858785003423705 0.84990480542182933 4.2483932971954355 0.84523808956146251 0.042300976812839515 0.22267995774745944 0.5611223876476289 0.66424080729484569 5.3729581832885751 7.0904934406280526 0.42544716596603399 0.27538995444774633
decision_type=2 2 2 2 2 2 2 2 2 2 2 2 2 2 2 2 2 2 2 2 2 2
left_child=1 5 14 4 8 6 7 -1 9 -4 -10 -12 17 15 -3 -6 -5 -2 -17 20 -7 -22
right_child=12 2 3 16 13 19 -8 -9 10 -11 11 -13 -14 -15 -16 18 -18 -19 -20 -21 21 -23
leaf_value=0.043015107181265853 0.01519867055731944 0.035904734369785758 0.030028462301955838 0.031412651943949946 -0.0057916747013128326 0.0066253460970178398 -0.030994047851068431 -0.025346924830172847 0.035584500597073965 -0.020968993845495647 -0.019217720325953241 0.027583192692817348 0.0080651876042546356 0.022129504296706196 0.0076336058131393188 -0.022717856759938905 -0.018827329751904119 -0.0080963137875682926 0.011177901275321809 -0.031199200796540399 -0.019452741479653222 0.017648756207424756
leaf_weight=14.344792966732486 53.832366929988666 36.658825012333182 9.7471631946341386 56.422253187185561 657.64139209128552 116.31714261052548 194.50718022555316 12.07606061782826 19.887574361569477 312.41428729937752 52.262497511300808 15.022143796071758 1294.6851604609928 45.789117561427702 312.95086477633868 19.506732915057 8.7083457916742173 232.76088844415767 182.73864282313298 33.795027446158429 109.82699402412595 19.173148688004858
leaf_count=47 27015 6823 2096 1995 93560 42741 746162 9903 3300 283365 9657 169 25774 352 16038 1307 144 189990 9099 18041 47347 6090
internal_value=2.77065e-10 -0.00422921 -0.000837855 -0.00388143 -0.00533911 -0.0158362 -0.0256021 0.0127079 -0.0141808 -0.0189907 0.00366089 -0.00758363 0.00595822 -0.00128705 0.0110625 -0.00265471 0.0238319 -0.00353511 0.00743941 -0.00779157 -0.00400814 -0.0134856
internal_weight=3811.07 2229.79 1729.75 1380.14 1315.01 500.04 220.928 26.4209 409.334 322.161 87.1722 67.2846 1581.28 905.676 349.61 859.887 65.1306 286.593 202.245 279.112 245.317 129
internal_count=1541015 1298236 427905 405044 402905 870331 756112 9950 298587 285461 13126 9826 242779 104318 22861 103966 2139 217005 10406 114219 96178 53437
is_linear=0
shrinkage=0.045


Tree=112
num_leaves=23
num_cat=0
split_feature=36 36 15 31 9 20 13 34 20 38 24 6 12 24 0 7 11 4 15 14 38 35
split_gain=46.2769 106.969 36.9611 25.2327 23.4604 20.9808 23.5119 19.7697 19.1913 14.8512 14.1916 14.0676 14.0358 13.7906 12.6672 12.5682 11.9477 15.6938 11.2548 13.3679 11.0537 11.6084
threshold=0.96666666865348827 0.20714285969734195 0.14418074488639834 0.73214286565780651 0.23699542135000232 0.23580326884984973 0.49309438467025762 7.2643799781799325 0.59505975246429454 6.5715825557708749 1.0000000180025095e-35 1.6623539924621584 0.019913084805011753 1.0000000180025095e-35 0.026143929921090606 0.82841041684150707 0.8850439488887788 0.30440905690193182 0.74116367101669323 0.075509127229452147 6.0461888313293466 0.92857143282890331
decision_type=2 2 2 2 2 2 2 2 2 2 2 2 2 2 2 2 2 2 2 2 2 2
left_child=1 2 -1 7 8 14 10 13 12 11 -7 15 -3 20 -2 -5 18 -18 19 -8 -4 -22
right_child=5 4 3 9 -6 6 16 -9 -10 -11 -12 -13 -14 -15 -16 -17 17 -19 -20 -21 21 -23
leaf_value=-0.028704977209795608 0.026632380333302619 -0.0077780844112960114 0.0035579135477963398 0.010221255086476842 -0.0081851431033128155 -0.012056296422205149 0.024102219925114226 -0.018404411114820655 -0.010050997740912164 -0.00072449341402615894 0.0060695846092351756 -0.0036196549588772275 -0.046472493008775033 0.0090546115921425075 0.0084460514210779568 0.027895117690752379 0.026137898981630069 -0.013272246763021368 0.011582910564066153 -0.0044852776141710415 -0.012696344871693837 0.019013842427374108
leaf_weight=81.437998576380778 123.72473061743631 23.96012194414584 193.2655712163471 293.57894525814345 94.788427002714116 268.88674540867214 34.435402719262129 151.2734403189952 53.072067985031481 302.3749798068734 124.80676530517212 94.578549816110353 161.61677680679168 202.77929210863795 214.12243414724844 114.32456002520212 20.289060186813003 105.49582707730224 635.65149480810396 201.9476086132363 275.1178663198159 21.10828459368895
leaf_count=354215 41495 65078 66094 28303 36291 248192 5054 84245 20154 36530 43179 10161 254429 27458 57894 5433 485 6604 12708 14504 120312 2197
internal_value=-3.53237e-11 -0.00454587 -1.92006e-05 0.00148052 -0.0276826 0.00542109 0.00295247 -0.00394723 -0.0350998 0.00715842 -0.00630606 0.0118625 -0.0418117 -0.000678763 0.0153974 0.0154526 0.00661869 -0.00615916 0.00848641 9.22321e-05 -0.00476174 -0.0101587
internal_weight=3792.64 2063.28 1729.84 1648.4 333.437 1729.36 1391.51 843.544 238.649 804.857 393.694 502.482 185.577 692.271 337.847 407.904 997.819 125.785 872.035 236.383 489.492 296.226
internal_count=1541015 1110900 734948 380733 375952 430115 330726 300306 339661 80427 291371 43897 319507 216061 99389 33736 39355 7089 32266 19558 188603 122509
is_linear=0
shrinkage=0.045


Tree=113
num_leaves=23
num_cat=0
split_feature=26 25 16 35 15 16 7 9 41 12 16 6 30 23 10 26 18 20 32 6 2 43
split_gain=43.2333 35.8751 32.7191 31.6708 28.0097 23.5038 23.5518 17.9711 16.649 16.0887 16.0136 15.5025 14.773 13.8769 13.5835 13.1719 34.7072 12.4674 15.0789 12.0759 12.0104 13.7588
threshold=0.28046900033950811 7.1851778030395517 0.19223839044570926 0.63333335518836986 0.14705275744199756 1.0000000180025095e-35 0.94358637928962719 0.22850885242223742 5.5000000000000009 0.24301264435052874 0.03737782500684262 1.6309726238250735 3.0677825212478642 1.0000000180025095e-35 0.18094679713249209 0.033071802929043777 3.620669007301331 0.66910666227340709 0.41421568393707281 0.90903809666633617 1.0000000180025095e-35 6.5532207489013681
decision_type=2 2 2 2 2 2 2 2 2 2 2 2 2 2 2 2 2 2 2 2 2 2
left_child=4 -2 3 7 -1 13 10 8 14 -5 -7 -8 -4 -6 -3 16 -12 20 19 -19 -9 -22
right_child=1 2 12 9 5 6 11 17 -10 -11 15 -13 -14 -15 -16 -17 -18 18 -20 -21 21 -23
leaf_value=-0.031674515528525758 0.014021352352309861 -0.014279923233311793 -0.0035363830912775759 0.025419064792553084 0.046317415798700856 -0.025142631280567825 0.031643915809783159 0.016299620657234799 -0.038909718347830767 0.00066444584519889671 0.023627277847363324 -0.0040118964657828776 0.0081712713979840632 -0.015868247259579232 0.0056352253596532844 -0.017998192387520588 -0.0090156917057194561 -0.011157156381375237 -0.029903649032743285 0.015698551134074104 0.011823366810306156 -0.020423150696161022
leaf_weight=90.537546468642631 468.01753144355098 430.18355544323549 278.69739742561615 82.241877421671234 21.814123645424846 116.61752691112451 43.116327267415727 109.70388551865835 44.225871384690436 136.82683081837968 76.790218972517323 48.68627547273627 962.35176665536892 7.1161105397259226 79.704889769906003 154.85094551383372 336.6695657512314 89.295295279540369 47.823467787708068 47.981224405139073 47.379317924329371 50.332022543420862
leaf_count=572249 21808 271176 4324 7595 47 279980 2613 16991 59856 9788 8620 15391 10234 2610 6470 11723 200731 14836 6203 1814 5664 10292
internal_value=-5.5454e-11 0.00269186 0.000464217 -0.00493864 -0.00860179 -0.00582958 -0.00738811 -0.00850488 -0.0136867 0.0103176 -0.0102659 0.0135038 0.00553849 0.030937 -0.0111423 -0.00702051 -0.00274317 -0.00110959 -0.00946846 -0.00154867 0.00639726 -0.00497272
internal_weight=3770.96 2874.76 2406.75 1165.7 896.199 805.661 776.731 946.63 554.114 219.069 684.928 91.8026 1241.05 28.9302 509.888 568.311 413.46 392.515 185.1 137.277 207.415 97.7113
internal_count=1541015 447051 425243 410685 1093964 521715 519058 393302 337502 17383 501054 18004 14558 2657 277646 221074 209351 55800 22853 16650 32947 15956
is_linear=0
shrinkage=0.045


Tree=114
num_leaves=23
num_cat=0
split_feature=24 16 16 26 38 36 16 8 41 11 25 22 11 35 38 21 11 7 12 26 1 16
split_gain=43.2209 50.1474 48.7724 28.212 17.9397 24.6915 16.4381 14.4128 16.0469 14.1797 13.9684 12.8958 12.1938 13.5217 14.6467 11.2497 11.0278 12.7813 10.8525 10.8144 10.6005 16.7218
threshold=1.0000000180025095e-35 1.0000000180025095e-35 0.049723410978913314 0.0010335919796489181 6.3724658489227304 0.96666666865348827 0.19973536580801013 0.0040501705370843419 7.5000000000000009 0.13290657103061679 3.8606742620468144 0.67130750417709362 0.62550511956214916 0.46428571641445165 5.2652740478515634 0.31246413290500646 0.92656898498535167 0.78938543796539318 0.13713086396455768 0.094875145703554167 0.11303719505667688 0.29426939785480505
decision_type=2 2 2 2 2 2 2 2 2 2 2 2 2 2 2 2 2 2 2 2 2 2
left_child=1 -1 3 -3 6 7 -4 16 -9 11 -2 -5 -8 14 -14 18 17 -6 -12 -19 -7 -22
right_child=10 2 4 9 5 20 12 8 -10 -11 15 -13 13 -15 -16 -17 -18 19 -20 -21 21 -23
leaf_value=0.048087321643658379 -0.0062870513359613595 -0.041635884620885563 -0.0032980051696659463 -0.003094282434330613 -0.011961078037857927 0.0100874647504819 0.012179520594352117 -0.045985163997344508 -0.0082211587813567789 -0.0017351951163918757 0.014076108059511906 -0.028839454506148544 -0.028677531968832801 -0.019095990077891249 0.012990442763650174 0.010235258143587177 -0.037873600857111521 -0.020143091283573254 -0.01592406794506121 0.012129509019721695 -0.0080694597741250845 0.015801401813848006
leaf_weight=32.889206815515081 137.74006110880782 79.184148660417577 484.49683208801548 59.958882579376223 282.79628609321026 178.41819183408279 401.67884191092526 45.272608180315729 46.533332493275793 149.8346288791704 33.039702266584754 117.73131327419014 15.434862424259334 56.828915765350757 103.88200092407988 965.56715123769754 20.059483342228305 21.855998083094846 64.484221839717975 94.901254636060912 284.67413582983681 69.903822975931689
leaf_count=122 135090 614649 141852 68949 56673 13477 8481 22254 9381 105065 27482 218273 804 2223 3163 31210 7082 9458 15889 1401 47326 711
internal_value=-5.34754e-10 -0.0033181 -0.00408489 -0.0182514 -0.00131328 -0.0054886 0.00279814 -0.0125017 -0.0282571 -0.0120568 0.00702053 -0.0204746 0.0078941 -0.00194473 0.00666365 0.00876609 -0.00876246 -0.00685092 -0.00556963 0.00550924 0.00129424 -0.00320912
internal_weight=3747.17 2546.33 2513.45 406.709 2106.74 1044.42 1062.32 511.419 91.8059 327.525 1200.83 177.69 577.825 176.146 119.317 1063.09 419.613 399.554 97.5239 116.757 532.996 354.578
internal_count=1541015 1331344 1331222 1006936 324286 167763 156523 106249 31635 392287 209671 287222 14671 6190 3967 74581 74614 67532 43371 10859 61514 48037
is_linear=0
shrinkage=0.045


Tree=115
num_leaves=23
num_cat=0
split_feature=31 26 34 27 18 23 16 16 24 25 25 30 30 6 16 11 38 35 22 23 16 22
split_gain=40.8469 37.3244 31.1301 26.0722 23.9463 16.8777 20.9022 15.2782 14.552 13.9109 14.7686 13.6915 12.2607 12.2263 11.627 11.2374 14.5886 12.3695 14.1484 11.0192 10.9442 11.701
threshold=0.84523808956146251 0.002940150443464518 6.5799453258514413 0.84523808956146251 2.8230607509613042 0.0024706969270482664 0.0064725596457719812 0.10475528985261919 1.0000000180025095e-35 5.0106129646301278 6.6895961761474618 2.5249279737472539 3.5114340782165532 0.095569215714931502 0.16650500148534778 0.11431477963924409 6.2832005023956308 0.58571431040763866 0.68692734837532055 0.025498098693788055 0.0063898416701704272 0.63244950771331798
decision_type=2 2 2 2 2 2 2 2 2 2 2 2 2 2 2 2 2 2 2 2 2 2
left_child=1 3 8 4 -1 6 -4 -8 11 20 -11 -3 -9 -10 -15 17 -17 18 -13 -12 -2 -22
right_child=9 2 5 -5 -6 -7 7 12 13 10 19 15 -14 14 -16 16 -18 -19 -20 -21 21 -23
leaf_value=0.028756454020263132 0.032033720695867803 -0.020294338348756762 0.032943868032557694 0.02169788204391249 -0.030565214153940083 0.0081055895162541018 -0.020044803671839979 -0.013389034395997019 0.027695571292471553 0.021160442416264476 0.0043051093226164974 0.0037946076424977757 0.00024121461022589392 -0.0070306007526114173 0.013716053462048976 0.013476067015071209 -0.0019817674977547182 0.021606668684380236 -0.020469823252591283 0.018813254483550375 0.016722974557745414 -0.007780136609959817
leaf_weight=11.005233073165298 12.665637046446589 56.928050181428716 17.451037064240609 21.73746798287948 184.76165420696202 112.65754236851899 267.25423934459377 271.98979761029477 68.518801079882905 144.98465689158911 931.74831981534589 80.740276019621888 257.8864030249606 81.191737508236201 148.24285086943564 235.42628359540822 252.22693259034259 22.981200557764168 112.52769957398505 115.6179511185328 41.165910489560702 274.48804971046638
leaf_count=2984 3765 16352 9533 11227 758286 3364 274536 18993 9380 1960 17446 30351 13913 15121 1276 24247 31326 2508 80386 567 16665 196829
internal_value=7.43778e-11 -0.00391176 -0.00194851 -0.0213915 -0.0265973 -0.00794774 -0.0102038 -0.0113479 0.00331802 0.00566258 0.00791394 -3.1235e-06 -0.00681506 0.0116587 0.00638092 0.00176949 0.0055419 -0.00667049 -0.010493 0.00598843 -0.00250969 -0.00437364
internal_weight=3724.2 2203.53 1986.02 217.504 195.767 927.239 814.581 797.13 1058.78 1520.67 1192.35 760.83 529.876 297.953 229.435 703.902 487.653 216.249 193.268 1047.37 328.32 315.654
internal_count=1541015 1303783 531286 772497 761270 320339 316975 307442 210947 237232 19973 185170 32906 25777 16397 168818 55573 113245 110737 18013 217259 213494
is_linear=0
shrinkage=0.045


Tree=116
num_leaves=23
num_cat=0
split_feature=36 36 31 8 34 20 13 26 26 14 38 10 0 35 3 6 20 24 9 14 30 6
split_gain=40.1501 94.5262 29.4643 21.506 19.9623 17.7601 20.6266 15.5408 21.3055 15.2237 14.8388 14.2744 13.9761 12.2129 16.9508 10.9838 12.6779 10.9096 10.8581 10.7818 11.2199 10.3838
threshold=0.96666666865348827 0.20714285969734195 0.73214286565780651 0.015635815449059013 7.6258389949798593 0.23580326884984973 0.49309438467025762 0.28046900033950811 0.91915413737297069 0.053297607228159911 6.5715825557708749 0.13776861876249316 0.1121843531727791 0.46428571641445165 0.087058275938034071 0.4244824498891831 0.40728890895843511 1.0000000180025095e-35 0.46676389873027807 0.29552373290061956 3.7954261302948002 1.6463040709495547
decision_type=2 2 2 2 2 2 2 2 2 2 2 2 2 2 2 2 2 2 2 2 2 2
left_child=1 2 4 -3 7 12 17 9 -9 -1 21 13 -2 -10 -15 -5 18 -7 -17 20 -14 -4
right_child=5 3 10 15 -6 6 -8 8 11 -11 -12 -13 19 14 -16 16 -18 -19 -20 -21 -22 -23
leaf_value=-0.031417970306265919 0.022144407787837671 -0.047518769446455091 0.014242429673308524 -0.0054211476949185015 -0.026827170559137532 -0.011218126975149373 0.0062277082328450655 0.016882849293329349 -0.015487214420625789 -0.0053080047902451747 -0.0016433321971730296 0.005595298024975554 -0.016797833710443057 0.031360153352229941 -0.0091375069985951442 -0.043636029958630099 -0.012388147545399721 0.0048386014494218839 0.0046637306226606414 0.014334957010022312 0.030683646415032857 -0.0018417063292520998
leaf_weight=64.028893266894556 190.5265693856868 73.324747579458972 395.30879294444844 80.886720493511802 76.812567969229121 258.63444913941726 982.24476178669192 118.30332484101746 219.65306866638457 138.84838025507383 299.5879156529038 189.86494025580487 57.656021685809947 26.125220910812459 59.38781867889702 73.214338601974532 82.914893387324355 123.4855289323998 9.6816255816004269 78.338840082658862 7.2846475246205946 100.65589876499098
leaf_count=238200 58121 141970 51771 122526 82861 248192 39355 6851 134975 119877 54735 9313 39481 8357 12635 82649 26314 43179 2493 1126 661 15373
internal_value=-4.18092e-10 -0.00430146 -2.3805e-05 -0.0265246 -0.00561962 0.00508546 0.00278412 -0.00347262 0.000130247 -0.0141059 0.00625348 -0.0040021 0.0143118 -0.00996725 0.00428389 -0.0194646 -0.0259562 -0.00603377 -0.0380506 0.0035009 -0.00965887 0.0109924
internal_weight=3706.77 2008.6 1688.58 320.022 893.024 1698.17 1364.36 816.212 613.334 202.877 795.553 495.031 333.806 305.166 85.513 246.698 165.811 382.12 82.896 143.28 64.9407 495.965
internal_count=1541015 1110900 734948 375952 613069 430115 330726 530208 172131 358077 121879 165280 99389 155967 20992 233982 111456 291371 85142 41268 40142 67144
is_linear=0
shrinkage=0.045


Tree=117
num_leaves=23
num_cat=0
split_feature=36 36 15 8 20 15 24 38 7 11 37 7 34 35 22 34 26 34 6 20 9 11
split_gain=37.2984 88.7888 30.6965 20.5364 15.4162 20.3266 14.5593 23.4541 13.2101 11.9311 11.624 11.3592 13.0179 10.9351 10.5004 10.2101 10.2852 10.1312 10.006 11.9225 10.1545 9.81797
threshold=0.96666666865348827 0.20714285969734195 0.14418074488639834 0.015635815449059013 0.23580326884984973 0.617356836795807 1.0000000180025095e-35 6.3724658489227304 0.061795137822628028 0.55900791287422191 1.0000000180025095e-35 0.54249298572540294 7.8903954029083261 0.36666667461395269 0.68885889649391185 7.7742252349853525 9.0626715973485275e-05 8.2020716667175311 0.4244824498891831 0.40728890895843511 0.46676389873027807 0.13065619766712191
decision_type=2 2 2 2 2 2 2 2 2 2 2 2 2 2 2 2 2 2 2 2 2 2
left_child=1 2 -1 -3 8 13 7 11 -2 -10 -9 -4 -13 21 -14 16 -15 -8 -5 20 -20 -6
right_child=4 3 6 18 5 -7 17 10 9 -11 -12 12 14 15 -16 -17 -18 -19 19 -21 -22 -23
leaf_value=-0.027334406229145916 0.0342830107698604 -0.046654684313352755 -0.0028185320480996691 -0.0055538696693943112 -0.025652992001806329 0.0061188829862298287 0.0088126015620526854 -0.010671789688650563 0.012322985434790929 -0.01831458882073295 0.018808474827985939 0.012513300805142749 0.012339406035004951 -0.026581567534986691 -0.035651190149488157 -0.027234748887509638 0.010533632090279625 -0.017229544803394337 -0.042664614894408454 -0.01210234827901038 0.0044696003871570137 -0.0053727454522265565
leaf_weight=74.44118032980532 48.117871755368469 71.465662349578452 255.62157392464496 80.863255503218397 72.58200064820744 988.93826184862155 509.69564410373619 459.05866487528965 261.53974190834742 24.06714308174196 24.285247543427886 304.57444345521276 12.344782894288985 12.175871935942494 17.362923441063913 15.515970984031354 132.95132402279478 27.582651787040959 71.242932690764974 82.573120408529121 9.5162622952973361 137.92053498702194
leaf_count=354215 23291 141970 113023 122526 40851 36099 50357 161655 67427 8671 3668 42019 1605 75214 5264 14518 38532 3142 82649 26314 2493 125512
internal_value=-6.43836e-10 -0.0041557 -2.52031e-05 -0.0258597 0.00490625 0.00275553 0.00131777 -0.00171161 0.0135014 0.00947057 -0.00901317 0.00429647 0.00969859 -0.00616853 -0.0168044 0.00264315 0.00663815 0.00732912 -0.0189598 -0.0252348 -0.0371738 -0.0127984
internal_weight=3694.44 2000.63 1684.97 315.661 1693.81 1360.08 1610.53 1073.25 333.725 285.607 483.344 589.904 334.282 371.146 29.7077 160.643 145.127 537.278 244.196 163.332 80.7592 210.503
internal_count=1541015 1110900 734948 375952 430115 330726 380733 327234 99389 76098 165323 161911 48888 294627 6869 128264 113746 53499 233982 111456 85142 166363
is_linear=0
shrinkage=0.045


end of trees

feature_importances:
fusion=354
location_probability=235
location_count=229
expanded_base_relative=213
desc_coverage=177
popularity=151
desc_length=143
distance_log=109
history_clicks=98
micro_probability=89
title_coverage=82
expansion_relative=61
params_coverage=56
params_filter_coverage=55
params_relative=52
params=51
title_length=46
micro_lift=42
desc_bm25_relative=41
title_word=37
expansion=36
params_length=30
base_relative=29
title_word_relative=27
desc_bm25=22
expanded_base=21
title_char_relative=15
history_similarity=15
filter_words=15
base=14
title_char=11
title_bm25=10
title_bm25_relative=10
query_chars=6
item_price=6
item_rating_reviews_count=4
desc_filter_coverage=2
params_phrase=1
item_rating=1

parameters:
[boosting: gbdt]
[objective: lambdarank]
[metric: custom]
[tree_learner: serial]
[device_type: cpu]
[data_sample_strategy: bagging]
[data: ]
[valid: ]
[num_iterations: 118]
[learning_rate: 0.045]
[num_leaves: 23]
[num_threads: 4]
[seed: 731]
[deterministic: 1]
[force_col_wise: 1]
[force_row_wise: 0]
[histogram_pool_size: -1]
[max_depth: -1]
[min_data_in_leaf: 100]
[min_sum_hessian_in_leaf: 0.001]
[bagging_fraction: 1]
[pos_bagging_fraction: 1]
[neg_bagging_fraction: 1]
[bagging_freq: 0]
[bagging_seed: 484]
[bagging_by_query: 0]
[feature_fraction: 0.9]
[feature_fraction_bynode: 1]
[feature_fraction_seed: 29071]
[extra_trees: 0]
[extra_seed: 31420]
[early_stopping_round: 0]
[early_stopping_min_delta: 0]
[first_metric_only: 0]
[max_delta_step: 0]
[lambda_l1: 0]
[lambda_l2: 5]
[linear_lambda: 0]
[min_gain_to_split: 0]
[drop_rate: 0.1]
[max_drop: 50]
[skip_drop: 0.5]
[xgboost_dart_mode: 0]
[uniform_drop: 0]
[drop_seed: 5515]
[top_rate: 0.2]
[other_rate: 0.1]
[min_data_per_group: 100]
[max_cat_threshold: 32]
[cat_l2: 10]
[cat_smooth: 10]
[max_cat_to_onehot: 4]
[top_k: 20]
[monotone_constraints: ]
[monotone_constraints_method: basic]
[monotone_penalty: 0]
[feature_contri: ]
[forcedsplits_filename: ]
[refit_decay_rate: 0.9]
[cegb_tradeoff: 1]
[cegb_penalty_split: 0]
[cegb_penalty_feature_lazy: ]
[cegb_penalty_feature_coupled: ]
[path_smooth: 0]
[interaction_constraints: ]
[verbosity: -1]
[saved_feature_importance_type: 0]
[use_quantized_grad: 0]
[num_grad_quant_bins: 4]
[quant_train_renew_leaf: 0]
[stochastic_rounding: 1]
[linear_tree: 0]
[max_bin: 255]
[max_bin_by_feature: ]
[min_data_in_bin: 3]
[bin_construct_sample_cnt: 200000]
[data_random_seed: 2425]
[is_enable_sparse: 1]
[enable_bundle: 1]
[use_missing: 1]
[zero_as_missing: 0]
[feature_pre_filter: 1]
[pre_partition: 0]
[two_round: 0]
[header: 0]
[label_column: ]
[weight_column: ]
[group_column: ]
[ignore_column: ]
[categorical_feature: ]
[forcedbins_filename: ]
[precise_float_parser: 0]
[parser_config_file: ]
[objective_seed: 12169]
[num_class: 1]
[is_unbalance: 0]
[scale_pos_weight: 1]
[sigmoid: 1]
[boost_from_average: 1]
[reg_sqrt: 0]
[alpha: 0.9]
[fair_c: 1]
[poisson_max_delta_step: 0.7]
[tweedie_variance_power: 1.5]
[lambdarank_truncation_level: 60]
[lambdarank_norm: 1]
[label_gain: ]
[lambdarank_position_bias_regularization: 0]
[eval_at: 1,2,3,4,5]
[multi_error_top_k: 1]
[auc_mu_weights: ]
[num_machines: 1]
[local_listen_port: 12400]
[time_out: 120]
[machine_list_filename: ]
[machines: ]
[gpu_platform_id: -1]
[gpu_device_id: -1]
[gpu_device_id_list: ]
[gpu_use_dp: 0]
[num_gpu: 1]

end of parameters

pandas_categorical:null
